2025-08-17 20:43:25,634 - INFO - Scheduler started
2025-08-17 20:43:25,634 - DEBUG - Looking for jobs to run
2025-08-17 20:43:25,634 - DEBUG - No jobs; waiting until a job is added
2025-08-17 20:43:25,636 - INFO - Added job "time_task_to_resave" to job store "default"
2025-08-17 20:43:25,636 - INFO - Создан таск для игры Cult Of The Lamb с частотой 3 месяца.
2025-08-17 20:43:25,636 - DEBUG - Looking for jobs to run
2025-08-17 20:43:25,636 - DEBUG - Next wakeup is due at 2025-11-15 20:43:25.636020+05:00 (in 4294967.000000 seconds)
2025-08-17 20:43:25,636 - WARNING - Таск для игры Cult Of The Lamb уже был создан ранее. Ложный вызов.
2025-08-17 20:43:25,636 - INFO - Added job "time_task_to_resave" to job store "default"
2025-08-17 20:43:25,636 - INFO - Создан таск для игры Elden Ring с частотой 3 дней.
2025-08-17 20:43:25,636 - DEBUG - Looking for jobs to run
2025-08-17 20:43:25,636 - DEBUG - Next wakeup is due at 2025-08-20 20:43:25.636623+05:00 (in 259199.999739 seconds)
2025-08-17 20:43:25,636 - WARNING - Таск для игры Elden Ring уже был создан ранее. Ложный вызов.
2025-08-17 20:43:25,637 - INFO - Added job "time_task_to_resave" to job store "default"
2025-08-17 20:43:25,637 - INFO - Создан таск для игры Horizon Zero Dawn с частотой 6 месяцев.
2025-08-17 20:43:25,637 - DEBUG - Looking for jobs to run
2025-08-17 20:43:25,637 - DEBUG - Next wakeup is due at 2025-08-20 20:43:25.636623+05:00 (in 259199.999395 seconds)
2025-08-17 20:43:25,637 - WARNING - Таск для игры Horizon Zero Dawn уже был создан ранее. Ложный вызов.
2025-08-17 20:43:25,637 - INFO - Added job "time_task_to_resave" to job store "default"
2025-08-17 20:43:25,637 - INFO - Создан таск для игры Satisfactory с частотой 6 месяцев.
2025-08-17 20:43:25,637 - DEBUG - Looking for jobs to run
2025-08-17 20:43:25,637 - DEBUG - Next wakeup is due at 2025-08-20 20:43:25.636623+05:00 (in 259199.999067 seconds)
2025-08-17 20:43:25,637 - WARNING - Таск для игры Satisfactory уже был создан ранее. Ложный вызов.
2025-08-17 20:43:25,637 - INFO - Added job "time_task_to_resave" to job store "default"
2025-08-17 20:43:25,637 - INFO - Создан таск для игры The Planet Crafter с частотой 4 недели.
2025-08-17 20:43:25,637 - DEBUG - Looking for jobs to run
2025-08-17 20:43:25,637 - WARNING - Таск для игры The Planet Crafter уже был создан ранее. Ложный вызов.
2025-08-17 20:43:25,637 - DEBUG - Next wakeup is due at 2025-08-20 20:43:25.636623+05:00 (in 259199.998651 seconds)
2025-08-17 20:43:25,638 - INFO - Added job "time_task_to_resave" to job store "default"
2025-08-17 20:43:25,638 - INFO - Создан таск для игры Voices of the Void с частотой 9 дней.
2025-08-17 20:43:25,638 - DEBUG - Looking for jobs to run
2025-08-17 20:43:25,638 - DEBUG - Next wakeup is due at 2025-08-20 20:43:25.636623+05:00 (in 259199.998280 seconds)
2025-08-17 20:43:25,638 - WARNING - Таск для игры Voices of the Void уже был создан ранее. Ложный вызов.
2025-08-17 20:43:25,676 - INFO - Резервная копия сохранения игры Elden Ring была сделана вручную, т. к. во время необходимого запланированного резервного копирования приложение было закрыто по тем или иным причинам.
2025-08-17 20:43:25,743 - DEBUG - Using proactor: IocpProactor
2025-08-17 20:43:25,744 - INFO - Scheduler started
2025-08-17 20:43:25,744 - DEBUG - Looking for jobs to run
2025-08-17 20:43:25,744 - DEBUG - No jobs; waiting until a job is added
2025-08-17 20:43:25,745 - INFO - Added job "time_task_to_resave" to job store "default"
2025-08-17 20:43:25,745 - INFO - Создан таск для игры Cult Of The Lamb с частотой 3 месяца.
2025-08-17 20:43:25,745 - DEBUG - Looking for jobs to run
2025-08-17 20:43:25,745 - DEBUG - Next wakeup is due at 2025-08-20 20:43:25.636623+05:00 (in 259199.891247 seconds)
2025-08-17 20:43:25,745 - WARNING - Таск для игры Cult Of The Lamb уже был создан ранее. Ложный вызов.
2025-08-17 20:43:25,745 - INFO - Added job "time_task_to_resave" to job store "default"
2025-08-17 20:43:25,745 - INFO - Начато наблюдение за программой: eldenring.exe
2025-08-17 20:43:25,746 - INFO - Создан таск для игры Elden Ring с частотой 3 дней.
2025-08-17 20:43:25,746 - DEBUG - Looking for jobs to run
2025-08-17 20:43:25,781 - DEBUG - Next wakeup is due at 2025-08-20 20:43:25.636623+05:00 (in 259199.855584 seconds)
2025-08-17 20:43:25,781 - WARNING - Таск для игры Elden Ring уже был создан ранее. Ложный вызов.
2025-08-17 20:43:25,787 - INFO - Added job "time_task_to_resave" to job store "default"
2025-08-17 20:43:25,787 - INFO - Создан таск для игры Horizon Zero Dawn с частотой 6 месяцев.
2025-08-17 20:43:25,787 - DEBUG - Looking for jobs to run
2025-08-17 20:43:25,787 - DEBUG - Next wakeup is due at 2025-08-20 20:43:25.636623+05:00 (in 259199.848848 seconds)
2025-08-17 20:43:25,794 - WARNING - Таск для игры Horizon Zero Dawn уже был создан ранее. Ложный вызов.
2025-08-17 20:43:25,794 - INFO - Added job "time_task_to_resave" to job store "default"
2025-08-17 20:43:25,794 - INFO - Создан таск для игры Satisfactory с частотой 6 месяцев.
2025-08-17 20:43:25,794 - DEBUG - Looking for jobs to run
2025-08-17 20:43:25,800 - DEBUG - Next wakeup is due at 2025-08-20 20:43:25.636623+05:00 (in 259199.835686 seconds)
2025-08-17 20:43:25,801 - WARNING - Таск для игры Satisfactory уже был создан ранее. Ложный вызов.
2025-08-17 20:43:25,807 - INFO - Added job "time_task_to_resave" to job store "default"
2025-08-17 20:43:25,807 - INFO - Создан таск для игры The Planet Crafter с частотой 4 недели.
2025-08-17 20:43:25,807 - DEBUG - Looking for jobs to run
2025-08-17 20:43:25,813 - DEBUG - Next wakeup is due at 2025-08-20 20:43:25.636623+05:00 (in 259199.823204 seconds)
2025-08-17 20:43:25,819 - WARNING - Таск для игры The Planet Crafter уже был создан ранее. Ложный вызов.
2025-08-17 20:43:25,826 - INFO - Added job "time_task_to_resave" to job store "default"
2025-08-17 20:43:25,826 - INFO - Создан таск для игры Voices of the Void с частотой 9 дней.
2025-08-17 20:43:25,826 - DEBUG - Looking for jobs to run
2025-08-17 20:43:25,826 - DEBUG - Next wakeup is due at 2025-08-20 20:43:25.636623+05:00 (in 259199.809727 seconds)
2025-08-17 20:43:25,832 - WARNING - Таск для игры Voices of the Void уже был создан ранее. Ложный вызов.
2025-08-17 20:43:26,832 - INFO - Начато наблюдение за программой: start_protected_game.exe
2025-08-17 20:43:26,877 - INFO - Начато наблюдение за программой: Planet Crafter.exe
2025-08-17 20:43:26,920 - INFO - Начато наблюдение за программой: UnityCrashHandler64.exe
2025-08-17 20:43:26,966 - INFO - Начато наблюдение за программой: FactoryGameSteam.exe
2025-08-17 20:43:27,005 - INFO - Начато наблюдение за программой: HorizonZeroDawn.exe
2025-08-17 20:43:27,043 - INFO - Начато наблюдение за программой: Cult Of The Lamb.exe
2025-08-17 20:43:27,082 - INFO - Начато наблюдение за программой: UnityCrashHandler64.exe
2025-08-17 20:43:27,118 - INFO - Начато наблюдение за программой: VotV.exe
2025-09-14 11:38:14,974 - INFO - Scheduler started
2025-09-14 11:38:14,975 - DEBUG - Looking for jobs to run
2025-09-14 11:38:14,975 - DEBUG - No jobs; waiting until a job is added
2025-09-14 11:38:14,982 - INFO - Added job "time_task_to_resave" to job store "default"
2025-09-14 11:38:14,983 - INFO - Создан таск для игры Cult Of The Lamb с частотой 3 месяца.
2025-09-14 11:38:14,983 - DEBUG - Looking for jobs to run
2025-09-14 11:38:14,983 - DEBUG - Next wakeup is due at 2025-12-13 11:38:14.982610+05:00 (in 4294967.000000 seconds)
2025-09-14 11:38:14,983 - WARNING - Таск для игры Cult Of The Lamb уже был создан ранее. Ложный вызов.
2025-09-14 11:38:14,983 - INFO - Added job "time_task_to_resave" to job store "default"
2025-09-14 11:38:14,983 - INFO - Создан таск для игры Elden Ring с частотой 3 дней.
2025-09-14 11:38:14,983 - DEBUG - Looking for jobs to run
2025-09-14 11:38:14,983 - WARNING - Таск для игры Elden Ring уже был создан ранее. Ложный вызов.
2025-09-14 11:38:14,983 - DEBUG - Next wakeup is due at 2025-09-17 11:38:14.983537+05:00 (in 259199.999634 seconds)
2025-09-14 11:38:14,984 - INFO - Added job "time_task_to_resave" to job store "default"
2025-09-14 11:38:14,984 - INFO - Создан таск для игры Horizon Zero Dawn с частотой 6 месяцев.
2025-09-14 11:38:14,984 - DEBUG - Looking for jobs to run
2025-09-14 11:38:14,984 - DEBUG - Next wakeup is due at 2025-09-17 11:38:14.983537+05:00 (in 259199.999085 seconds)
2025-09-14 11:38:14,984 - WARNING - Таск для игры Horizon Zero Dawn уже был создан ранее. Ложный вызов.
2025-09-14 11:38:14,984 - INFO - Added job "time_task_to_resave" to job store "default"
2025-09-14 11:38:14,984 - INFO - Создан таск для игры Satisfactory с частотой 6 месяцев.
2025-09-14 11:38:14,984 - DEBUG - Looking for jobs to run
2025-09-14 11:38:14,984 - DEBUG - Next wakeup is due at 2025-09-17 11:38:14.983537+05:00 (in 259199.998701 seconds)
2025-09-14 11:38:14,984 - WARNING - Таск для игры Satisfactory уже был создан ранее. Ложный вызов.
2025-09-14 11:38:14,985 - INFO - Added job "time_task_to_resave" to job store "default"
2025-09-14 11:38:14,985 - INFO - Создан таск для игры The Planet Crafter с частотой 4 недели.
2025-09-14 11:38:14,985 - DEBUG - Looking for jobs to run
2025-09-14 11:38:14,985 - DEBUG - Next wakeup is due at 2025-09-17 11:38:14.983537+05:00 (in 259199.998382 seconds)
2025-09-14 11:38:14,985 - WARNING - Таск для игры The Planet Crafter уже был создан ранее. Ложный вызов.
2025-09-14 11:38:14,985 - INFO - Added job "time_task_to_resave" to job store "default"
2025-09-14 11:38:14,985 - INFO - Создан таск для игры Voices of the Void с частотой 9 дней.
2025-09-14 11:38:14,985 - DEBUG - Looking for jobs to run
2025-09-14 11:38:14,985 - DEBUG - Next wakeup is due at 2025-09-17 11:38:14.983537+05:00 (in 259199.998047 seconds)
2025-09-14 11:38:14,985 - WARNING - Таск для игры Voices of the Void уже был создан ранее. Ложный вызов.
2025-09-14 11:38:14,987 - INFO - Процесс Cult Of The Lamb запущен.
2025-09-14 11:38:14,987 - INFO - Процесс Elden Ring запущен.
2025-09-14 11:38:14,991 - INFO - Резервная копия сохранения игры Elden Ring была сделана вручную, т. к. во время необходимого запланированного резервного копирования приложение было закрыто по тем или иным причинам.
2025-09-14 11:38:14,994 - INFO - Процесс Horizon Zero Dawn запущен.
2025-09-14 11:38:14,994 - INFO - Процесс Satisfactory запущен.
2025-09-14 11:38:14,994 - INFO - Процесс The Planet Crafter запущен.
2025-09-14 11:38:14,994 - INFO - Процесс Voices of the Void запущен.
2025-09-14 11:38:14,997 - INFO - Резервная копия сохранения игры Voices of the Void была сделана вручную, т. к. во время необходимого запланированного резервного копирования приложение было закрыто по тем или иным причинам.
2025-09-14 11:38:15,548 - DEBUG - Using proactor: IocpProactor
2025-09-14 11:38:15,548 - INFO - Scheduler started
2025-09-14 11:38:15,548 - DEBUG - Looking for jobs to run
2025-09-14 11:38:15,548 - DEBUG - No jobs; waiting until a job is added
2025-09-14 11:38:15,549 - INFO - Added job "time_task_to_resave" to job store "default"
2025-09-14 11:38:15,549 - INFO - Создан таск для игры Cult Of The Lamb с частотой 3 месяца.
2025-09-14 11:38:15,549 - DEBUG - Looking for jobs to run
2025-09-14 11:38:15,549 - DEBUG - Next wakeup is due at 2025-09-17 11:38:14.983537+05:00 (in 259199.434117 seconds)
2025-09-14 11:38:15,549 - WARNING - Таск для игры Cult Of The Lamb уже был создан ранее. Ложный вызов.
2025-09-14 11:38:15,549 - INFO - Added job "time_task_to_resave" to job store "default"
2025-09-14 11:38:15,549 - INFO - Начато наблюдение за программой: eldenring.exe
2025-09-14 11:38:15,549 - INFO - Создан таск для игры Elden Ring с частотой 3 дней.
2025-09-14 11:38:15,550 - DEBUG - Looking for jobs to run
2025-09-14 11:38:15,575 - DEBUG - Next wakeup is due at 2025-09-17 11:38:14.983537+05:00 (in 259199.408096 seconds)
2025-09-14 11:38:15,591 - WARNING - Таск для игры Elden Ring уже был создан ранее. Ложный вызов.
2025-09-14 11:38:15,600 - INFO - Added job "time_task_to_resave" to job store "default"
2025-09-14 11:38:15,600 - INFO - Создан таск для игры Horizon Zero Dawn с частотой 6 месяцев.
2025-09-14 11:38:15,600 - DEBUG - Looking for jobs to run
2025-09-14 11:38:15,600 - DEBUG - Next wakeup is due at 2025-09-17 11:38:14.983537+05:00 (in 259199.382979 seconds)
2025-09-14 11:38:15,600 - WARNING - Таск для игры Horizon Zero Dawn уже был создан ранее. Ложный вызов.
2025-09-14 11:38:15,600 - INFO - Added job "time_task_to_resave" to job store "default"
2025-09-14 11:38:15,600 - INFO - Создан таск для игры Satisfactory с частотой 6 месяцев.
2025-09-14 11:38:15,609 - DEBUG - Looking for jobs to run
2025-09-14 11:38:15,609 - DEBUG - Next wakeup is due at 2025-09-17 11:38:14.983537+05:00 (in 259199.374399 seconds)
2025-09-14 11:38:15,609 - WARNING - Таск для игры Satisfactory уже был создан ранее. Ложный вызов.
2025-09-14 11:38:15,617 - INFO - Added job "time_task_to_resave" to job store "default"
2025-09-14 11:38:15,617 - INFO - Создан таск для игры The Planet Crafter с частотой 4 недели.
2025-09-14 11:38:15,617 - DEBUG - Looking for jobs to run
2025-09-14 11:38:15,617 - DEBUG - Next wakeup is due at 2025-09-17 11:38:14.983537+05:00 (in 259199.365767 seconds)
2025-09-14 11:38:15,617 - WARNING - Таск для игры The Planet Crafter уже был создан ранее. Ложный вызов.
2025-09-14 11:38:15,618 - INFO - Added job "time_task_to_resave" to job store "default"
2025-09-14 11:38:15,618 - INFO - Создан таск для игры Voices of the Void с частотой 9 дней.
2025-09-14 11:38:15,626 - DEBUG - Looking for jobs to run
2025-09-14 11:38:15,626 - DEBUG - Next wakeup is due at 2025-09-17 11:38:14.983537+05:00 (in 259199.357172 seconds)
2025-09-14 11:38:15,626 - WARNING - Таск для игры Voices of the Void уже был создан ранее. Ложный вызов.
2025-09-14 11:38:15,626 - INFO - Процесс Cult Of The Lamb запущен.
2025-09-14 11:38:15,635 - INFO - Процесс Elden Ring запущен.
2025-09-14 11:38:15,635 - INFO - Процесс Horizon Zero Dawn запущен.
2025-09-14 11:38:15,646 - INFO - Процесс Satisfactory запущен.
2025-09-14 11:38:15,654 - INFO - Процесс The Planet Crafter запущен.
2025-09-14 11:38:15,654 - INFO - Процесс Voices of the Void запущен.
2025-09-14 11:38:17,103 - INFO - Начато наблюдение за программой: start_protected_game.exe
2025-09-14 11:38:17,146 - INFO - Начато наблюдение за программой: Planet Crafter.exe
2025-09-14 11:38:17,187 - INFO - Начато наблюдение за программой: UnityCrashHandler64.exe
2025-09-14 11:38:17,228 - INFO - Начато наблюдение за программой: FactoryGameSteam.exe
2025-09-14 11:38:17,270 - INFO - Начато наблюдение за программой: HorizonZeroDawn.exe
2025-09-14 11:38:17,310 - INFO - Начато наблюдение за программой: Cult Of The Lamb.exe
2025-09-14 11:38:17,377 - INFO - Начато наблюдение за программой: UnityCrashHandler64.exe
2025-09-14 11:38:17,419 - INFO - Начато наблюдение за программой: VotV.exe
2025-09-14 11:56:30,817 - INFO - Scheduler started
2025-09-14 11:56:30,817 - DEBUG - Looking for jobs to run
2025-09-14 11:56:30,817 - DEBUG - No jobs; waiting until a job is added
2025-09-14 11:56:30,819 - INFO - Added job "time_task_to_resave" to job store "default"
2025-09-14 11:56:30,819 - INFO - Создан таск для игры Cult Of The Lamb с частотой 3 месяца.
2025-09-14 11:56:30,819 - DEBUG - Looking for jobs to run
2025-09-14 11:56:30,819 - DEBUG - Next wakeup is due at 2025-12-13 11:56:30.819066+05:00 (in 4294967.000000 seconds)
2025-09-14 11:56:30,819 - WARNING - Таск для игры Cult Of The Lamb уже был создан ранее. Ложный вызов.
2025-09-14 11:56:30,819 - INFO - Added job "time_task_to_resave" to job store "default"
2025-09-14 11:56:30,819 - INFO - Создан таск для игры Elden Ring с частотой 3 дней.
2025-09-14 11:56:30,819 - DEBUG - Looking for jobs to run
2025-09-14 11:56:30,819 - DEBUG - Next wakeup is due at 2025-09-17 11:56:30.819620+05:00 (in 259199.999703 seconds)
2025-09-14 11:56:30,820 - WARNING - Таск для игры Elden Ring уже был создан ранее. Ложный вызов.
2025-09-14 11:56:30,820 - INFO - Added job "time_task_to_resave" to job store "default"
2025-09-14 11:56:30,820 - INFO - Создан таск для игры Horizon Zero Dawn с частотой 6 месяцев.
2025-09-14 11:56:30,820 - DEBUG - Looking for jobs to run
2025-09-14 11:56:30,820 - DEBUG - Next wakeup is due at 2025-09-17 11:56:30.819620+05:00 (in 259199.999226 seconds)
2025-09-14 11:56:30,820 - WARNING - Таск для игры Horizon Zero Dawn уже был создан ранее. Ложный вызов.
2025-09-14 11:56:30,820 - INFO - Added job "time_task_to_resave" to job store "default"
2025-09-14 11:56:30,820 - INFO - Создан таск для игры Satisfactory с частотой 6 месяцев.
2025-09-14 11:56:30,820 - DEBUG - Looking for jobs to run
2025-09-14 11:56:30,820 - DEBUG - Next wakeup is due at 2025-09-17 11:56:30.819620+05:00 (in 259199.998748 seconds)
2025-09-14 11:56:30,821 - WARNING - Таск для игры Satisfactory уже был создан ранее. Ложный вызов.
2025-09-14 11:56:30,821 - INFO - Added job "time_task_to_resave" to job store "default"
2025-09-14 11:56:30,821 - INFO - Создан таск для игры The Planet Crafter с частотой 4 недели.
2025-09-14 11:56:30,821 - DEBUG - Looking for jobs to run
2025-09-14 11:56:30,821 - DEBUG - Next wakeup is due at 2025-09-17 11:56:30.819620+05:00 (in 259199.998241 seconds)
2025-09-14 11:56:30,821 - WARNING - Таск для игры The Planet Crafter уже был создан ранее. Ложный вызов.
2025-09-14 11:56:30,821 - INFO - Added job "time_task_to_resave" to job store "default"
2025-09-14 11:56:30,821 - INFO - Создан таск для игры Voices of the Void с частотой 9 дней.
2025-09-14 11:56:30,821 - DEBUG - Looking for jobs to run
2025-09-14 11:56:30,821 - DEBUG - Next wakeup is due at 2025-09-17 11:56:30.819620+05:00 (in 259199.997699 seconds)
2025-09-14 11:56:30,822 - WARNING - Таск для игры Voices of the Void уже был создан ранее. Ложный вызов.
2025-09-14 11:56:30,823 - INFO - Процесс Cult Of The Lamb запущен.
2025-09-14 11:56:30,823 - INFO - Процесс Elden Ring запущен.
2025-09-14 11:56:30,824 - INFO - Процесс Horizon Zero Dawn запущен.
2025-09-14 11:56:30,824 - INFO - Процесс Satisfactory запущен.
2025-09-14 11:56:30,824 - INFO - Процесс The Planet Crafter запущен.
2025-09-14 11:56:30,824 - INFO - Процесс Voices of the Void запущен.
2025-09-14 11:56:30,901 - DEBUG - Using proactor: IocpProactor
2025-09-14 11:56:30,901 - INFO - Scheduler started
2025-09-14 11:56:30,901 - DEBUG - Looking for jobs to run
2025-09-14 11:56:30,901 - DEBUG - No jobs; waiting until a job is added
2025-09-14 11:56:30,902 - INFO - Added job "time_task_to_resave" to job store "default"
2025-09-14 11:56:30,902 - INFO - Создан таск для игры Cult Of The Lamb с частотой 3 месяца.
2025-09-14 11:56:30,902 - DEBUG - Looking for jobs to run
2025-09-14 11:56:30,902 - DEBUG - Next wakeup is due at 2025-09-17 11:56:30.819620+05:00 (in 259199.917365 seconds)
2025-09-14 11:56:30,902 - WARNING - Таск для игры Cult Of The Lamb уже был создан ранее. Ложный вызов.
2025-09-14 11:56:30,902 - INFO - Added job "time_task_to_resave" to job store "default"
2025-09-14 11:56:30,902 - INFO - Начато наблюдение за программой: eldenring.exe
2025-09-14 11:56:30,902 - INFO - Создан таск для игры Elden Ring с частотой 3 дней.
2025-09-14 11:56:30,902 - DEBUG - Looking for jobs to run
2025-09-14 11:56:30,969 - WARNING - Таск для игры Elden Ring уже был создан ранее. Ложный вызов.
2025-09-14 11:56:30,969 - DEBUG - Next wakeup is due at 2025-09-17 11:56:30.819620+05:00 (in 259199.849937 seconds)
2025-09-14 11:56:30,970 - INFO - Added job "time_task_to_resave" to job store "default"
2025-09-14 11:56:30,970 - INFO - Создан таск для игры Horizon Zero Dawn с частотой 6 месяцев.
2025-09-14 11:56:30,970 - DEBUG - Looking for jobs to run
2025-09-14 11:56:30,970 - DEBUG - Next wakeup is due at 2025-09-17 11:56:30.819620+05:00 (in 259199.849295 seconds)
2025-09-14 11:56:30,970 - WARNING - Таск для игры Horizon Zero Dawn уже был создан ранее. Ложный вызов.
2025-09-14 11:56:30,970 - INFO - Added job "time_task_to_resave" to job store "default"
2025-09-14 11:56:30,970 - INFO - Создан таск для игры Satisfactory с частотой 6 месяцев.
2025-09-14 11:56:30,970 - DEBUG - Looking for jobs to run
2025-09-14 11:56:30,979 - WARNING - Таск для игры Satisfactory уже был создан ранее. Ложный вызов.
2025-09-14 11:56:30,979 - DEBUG - Next wakeup is due at 2025-09-17 11:56:30.819620+05:00 (in 259199.839653 seconds)
2025-09-14 11:56:30,980 - INFO - Added job "time_task_to_resave" to job store "default"
2025-09-14 11:56:30,988 - INFO - Создан таск для игры The Planet Crafter с частотой 4 недели.
2025-09-14 11:56:30,989 - DEBUG - Looking for jobs to run
2025-09-14 11:56:30,989 - DEBUG - Next wakeup is due at 2025-09-17 11:56:30.819620+05:00 (in 259199.830406 seconds)
2025-09-14 11:56:30,989 - WARNING - Таск для игры The Planet Crafter уже был создан ранее. Ложный вызов.
2025-09-14 11:56:30,998 - INFO - Added job "time_task_to_resave" to job store "default"
2025-09-14 11:56:30,998 - INFO - Создан таск для игры Voices of the Void с частотой 9 дней.
2025-09-14 11:56:30,998 - DEBUG - Looking for jobs to run
2025-09-14 11:56:30,998 - DEBUG - Next wakeup is due at 2025-09-17 11:56:30.819620+05:00 (in 259199.821124 seconds)
2025-09-14 11:56:30,998 - WARNING - Таск для игры Voices of the Void уже был создан ранее. Ложный вызов.
2025-09-14 11:56:30,998 - INFO - Процесс Cult Of The Lamb запущен.
2025-09-14 11:56:31,007 - INFO - Процесс Elden Ring запущен.
2025-09-14 11:56:31,007 - INFO - Процесс Horizon Zero Dawn запущен.
2025-09-14 11:56:31,016 - INFO - Процесс Satisfactory запущен.
2025-09-14 11:56:31,025 - INFO - Процесс The Planet Crafter запущен.
2025-09-14 11:56:31,033 - INFO - Процесс Voices of the Void запущен.
2025-09-14 11:56:32,514 - INFO - Начато наблюдение за программой: start_protected_game.exe
2025-09-14 11:56:32,558 - INFO - Начато наблюдение за программой: Planet Crafter.exe
2025-09-14 11:56:32,600 - INFO - Начато наблюдение за программой: UnityCrashHandler64.exe
2025-09-14 11:56:32,643 - INFO - Начато наблюдение за программой: FactoryGameSteam.exe
2025-09-14 11:56:32,687 - INFO - Начато наблюдение за программой: HorizonZeroDawn.exe
2025-09-14 11:56:32,729 - INFO - Начато наблюдение за программой: Cult Of The Lamb.exe
2025-09-14 11:56:32,770 - INFO - Начато наблюдение за программой: UnityCrashHandler64.exe
2025-09-14 11:56:32,813 - INFO - Начато наблюдение за программой: VotV.exe
2025-09-14 12:25:24,288 - INFO - Scheduler started
2025-09-14 12:25:24,289 - DEBUG - Looking for jobs to run
2025-09-14 12:25:24,289 - DEBUG - No jobs; waiting until a job is added
2025-09-14 12:25:24,291 - INFO - Added job "time_task_to_resave" to job store "default"
2025-09-14 12:25:24,291 - INFO - Создан таск для игры Atomic HeaRT с частотой 1 день.
2025-09-14 12:25:24,291 - DEBUG - Looking for jobs to run
2025-09-14 12:25:24,291 - DEBUG - Next wakeup is due at 2025-09-15 12:25:24.291067+05:00 (in 86399.999660 seconds)
2025-09-14 12:25:24,294 - INFO - Added job "time_task_to_resave" to job store "default"
2025-09-14 12:25:24,294 - INFO - Создан таск для игры Cult Of The Lamb с частотой 3 месяца.
2025-09-14 12:25:24,294 - DEBUG - Looking for jobs to run
2025-09-14 12:25:24,294 - DEBUG - Next wakeup is due at 2025-09-15 12:25:24.291067+05:00 (in 86399.996664 seconds)
2025-09-14 12:25:24,294 - WARNING - Таск для игры Cult Of The Lamb уже был создан ранее. Ложный вызов.
2025-09-14 12:25:24,294 - INFO - Added job "time_task_to_resave" to job store "default"
2025-09-14 12:25:24,294 - INFO - Создан таск для игры Elden Ring с частотой 3 дней.
2025-09-14 12:25:24,294 - DEBUG - Looking for jobs to run
2025-09-14 12:25:24,294 - DEBUG - Next wakeup is due at 2025-09-15 12:25:24.291067+05:00 (in 86399.996272 seconds)
2025-09-14 12:25:24,294 - WARNING - Таск для игры Elden Ring уже был создан ранее. Ложный вызов.
2025-09-14 12:25:24,295 - INFO - Added job "time_task_to_resave" to job store "default"
2025-09-14 12:25:24,295 - INFO - Создан таск для игры Horizon Zero Dawn с частотой 6 месяцев.
2025-09-14 12:25:24,295 - DEBUG - Looking for jobs to run
2025-09-14 12:25:24,295 - DEBUG - Next wakeup is due at 2025-09-15 12:25:24.291067+05:00 (in 86399.995889 seconds)
2025-09-14 12:25:24,295 - WARNING - Таск для игры Horizon Zero Dawn уже был создан ранее. Ложный вызов.
2025-09-14 12:25:24,295 - INFO - Added job "time_task_to_resave" to job store "default"
2025-09-14 12:25:24,295 - INFO - Создан таск для игры Satisfactory с частотой 6 месяцев.
2025-09-14 12:25:24,295 - DEBUG - Looking for jobs to run
2025-09-14 12:25:24,295 - DEBUG - Next wakeup is due at 2025-09-15 12:25:24.291067+05:00 (in 86399.995465 seconds)
2025-09-14 12:25:24,295 - WARNING - Таск для игры Satisfactory уже был создан ранее. Ложный вызов.
2025-09-14 12:25:24,295 - INFO - Added job "time_task_to_resave" to job store "default"
2025-09-14 12:25:24,295 - INFO - Создан таск для игры The Planet Crafter с частотой 4 недели.
2025-09-14 12:25:24,295 - DEBUG - Looking for jobs to run
2025-09-14 12:25:24,295 - DEBUG - Next wakeup is due at 2025-09-15 12:25:24.291067+05:00 (in 86399.995128 seconds)
2025-09-14 12:25:24,295 - WARNING - Таск для игры The Planet Crafter уже был создан ранее. Ложный вызов.
2025-09-14 12:25:24,296 - INFO - Added job "time_task_to_resave" to job store "default"
2025-09-14 12:25:24,296 - INFO - Создан таск для игры Voices of the Void с частотой 9 дней.
2025-09-14 12:25:24,296 - DEBUG - Looking for jobs to run
2025-09-14 12:25:24,296 - DEBUG - Next wakeup is due at 2025-09-15 12:25:24.291067+05:00 (in 86399.994791 seconds)
2025-09-14 12:25:24,296 - WARNING - Таск для игры Voices of the Void уже был создан ранее. Ложный вызов.
2025-09-14 12:25:24,298 - INFO - Процесс Atomic HeaRT запущен.
2025-09-14 12:25:24,298 - INFO - Процесс Cult Of The Lamb запущен.
2025-09-14 12:25:24,298 - INFO - Процесс Elden Ring запущен.
2025-09-14 12:25:24,298 - INFO - Процесс Horizon Zero Dawn запущен.
2025-09-14 12:25:24,298 - INFO - Процесс Satisfactory запущен.
2025-09-14 12:25:24,298 - INFO - Процесс The Planet Crafter запущен.
2025-09-14 12:25:24,298 - INFO - Процесс Voices of the Void запущен.
2025-09-14 12:25:24,300 - ERROR - Для игры Atomic HeaRT не указана директория с самой игрой!
2025-09-14 12:25:24,365 - DEBUG - Using proactor: IocpProactor
2025-09-14 12:25:24,365 - INFO - Scheduler started
2025-09-14 12:25:24,365 - DEBUG - Looking for jobs to run
2025-09-14 12:25:24,365 - DEBUG - No jobs; waiting until a job is added
2025-09-14 12:25:24,366 - INFO - Added job "time_task_to_resave" to job store "default"
2025-09-14 12:25:24,366 - INFO - Создан таск для игры Atomic HeaRT с частотой 1 день.
2025-09-14 12:25:24,366 - DEBUG - Looking for jobs to run
2025-09-14 12:25:24,366 - DEBUG - Next wakeup is due at 2025-09-15 12:25:24.291067+05:00 (in 86399.924645 seconds)
2025-09-14 12:25:24,366 - WARNING - Таск для игры Atomic HeaRT уже был создан ранее. Ложный вызов.
2025-09-14 12:25:24,366 - INFO - Added job "time_task_to_resave" to job store "default"
2025-09-14 12:25:24,366 - INFO - Начато наблюдение за программой: eldenring.exe
2025-09-14 12:25:24,367 - INFO - Создан таск для игры Cult Of The Lamb с частотой 3 месяца.
2025-09-14 12:25:24,367 - DEBUG - Looking for jobs to run
2025-09-14 12:25:24,419 - DEBUG - Next wakeup is due at 2025-09-15 12:25:24.291067+05:00 (in 86399.871746 seconds)
2025-09-14 12:25:24,419 - WARNING - Таск для игры Cult Of The Lamb уже был создан ранее. Ложный вызов.
2025-09-14 12:25:24,419 - INFO - Added job "time_task_to_resave" to job store "default"
2025-09-14 12:25:24,428 - INFO - Создан таск для игры Elden Ring с частотой 3 дней.
2025-09-14 12:25:24,428 - DEBUG - Looking for jobs to run
2025-09-14 12:25:24,428 - DEBUG - Next wakeup is due at 2025-09-15 12:25:24.291067+05:00 (in 86399.862645 seconds)
2025-09-14 12:25:24,437 - WARNING - Таск для игры Elden Ring уже был создан ранее. Ложный вызов.
2025-09-14 12:25:24,445 - INFO - Added job "time_task_to_resave" to job store "default"
2025-09-14 12:25:24,445 - INFO - Создан таск для игры Horizon Zero Dawn с частотой 6 месяцев.
2025-09-14 12:25:24,445 - DEBUG - Looking for jobs to run
2025-09-14 12:25:24,445 - DEBUG - Next wakeup is due at 2025-09-15 12:25:24.291067+05:00 (in 86399.845109 seconds)
2025-09-14 12:25:24,446 - WARNING - Таск для игры Horizon Zero Dawn уже был создан ранее. Ложный вызов.
2025-09-14 12:25:24,446 - INFO - Added job "time_task_to_resave" to job store "default"
2025-09-14 12:25:24,446 - INFO - Создан таск для игры Satisfactory с частотой 6 месяцев.
2025-09-14 12:25:24,446 - DEBUG - Looking for jobs to run
2025-09-14 12:25:24,455 - DEBUG - Next wakeup is due at 2025-09-15 12:25:24.291067+05:00 (in 86399.835928 seconds)
2025-09-14 12:25:24,455 - WARNING - Таск для игры Satisfactory уже был создан ранее. Ложный вызов.
2025-09-14 12:25:24,455 - INFO - Added job "time_task_to_resave" to job store "default"
2025-09-14 12:25:24,455 - INFO - Создан таск для игры The Planet Crafter с частотой 4 недели.
2025-09-14 12:25:24,455 - DEBUG - Looking for jobs to run
2025-09-14 12:25:24,464 - DEBUG - Next wakeup is due at 2025-09-15 12:25:24.291067+05:00 (in 86399.826566 seconds)
2025-09-14 12:25:24,464 - WARNING - Таск для игры The Planet Crafter уже был создан ранее. Ложный вызов.
2025-09-14 12:25:24,473 - INFO - Added job "time_task_to_resave" to job store "default"
2025-09-14 12:25:24,473 - INFO - Создан таск для игры Voices of the Void с частотой 9 дней.
2025-09-14 12:25:24,481 - DEBUG - Looking for jobs to run
2025-09-14 12:25:24,490 - DEBUG - Next wakeup is due at 2025-09-15 12:25:24.291067+05:00 (in 86399.800679 seconds)
2025-09-14 12:25:24,490 - WARNING - Таск для игры Voices of the Void уже был создан ранее. Ложный вызов.
2025-09-14 12:25:24,499 - INFO - Процесс Atomic HeaRT запущен.
2025-09-14 12:25:24,507 - INFO - Процесс Cult Of The Lamb запущен.
2025-09-14 12:25:24,516 - INFO - Процесс Elden Ring запущен.
2025-09-14 12:25:24,525 - INFO - Процесс Horizon Zero Dawn запущен.
2025-09-14 12:25:24,534 - INFO - Процесс Satisfactory запущен.
2025-09-14 12:25:24,543 - INFO - Процесс The Planet Crafter запущен.
2025-09-14 12:25:24,551 - INFO - Процесс Voices of the Void запущен.
2025-09-14 12:25:25,970 - INFO - Начато наблюдение за программой: start_protected_game.exe
2025-09-14 12:25:26,012 - INFO - Начато наблюдение за программой: Planet Crafter.exe
2025-09-14 12:25:26,055 - INFO - Начато наблюдение за программой: UnityCrashHandler64.exe
2025-09-14 12:25:26,097 - INFO - Начато наблюдение за программой: FactoryGameSteam.exe
2025-09-14 12:25:26,138 - INFO - Начато наблюдение за программой: HorizonZeroDawn.exe
2025-09-14 12:25:26,178 - INFO - Начато наблюдение за программой: Cult Of The Lamb.exe
2025-09-14 12:25:26,219 - INFO - Начато наблюдение за программой: UnityCrashHandler64.exe
2025-09-14 12:25:26,263 - INFO - Начато наблюдение за программой: VotV.exe
2025-09-14 12:33:36,837 - INFO - Scheduler started
2025-09-14 12:33:36,838 - DEBUG - Looking for jobs to run
2025-09-14 12:33:36,838 - DEBUG - No jobs; waiting until a job is added
2025-09-14 12:33:36,840 - INFO - Added job "time_task_to_resave" to job store "default"
2025-09-14 12:33:36,840 - INFO - Создан таск для игры Atomic HeaRT с частотой 1 день.
2025-09-14 12:33:36,840 - DEBUG - Looking for jobs to run
2025-09-14 12:33:36,840 - DEBUG - Next wakeup is due at 2025-09-15 12:33:36.840509+05:00 (in 86399.999608 seconds)
2025-09-14 12:33:36,840 - WARNING - Таск для игры Atomic HeaRT уже был создан ранее. Ложный вызов.
2025-09-14 12:33:36,841 - INFO - Added job "time_task_to_resave" to job store "default"
2025-09-14 12:33:36,841 - INFO - Создан таск для игры Cult Of The Lamb с частотой 3 месяца.
2025-09-14 12:33:36,841 - DEBUG - Looking for jobs to run
2025-09-14 12:33:36,841 - DEBUG - Next wakeup is due at 2025-09-15 12:33:36.840509+05:00 (in 86399.999136 seconds)
2025-09-14 12:33:36,841 - WARNING - Таск для игры Cult Of The Lamb уже был создан ранее. Ложный вызов.
2025-09-14 12:33:36,841 - INFO - Added job "time_task_to_resave" to job store "default"
2025-09-14 12:33:36,841 - INFO - Создан таск для игры Elden Ring с частотой 3 дней.
2025-09-14 12:33:36,841 - DEBUG - Looking for jobs to run
2025-09-14 12:33:36,841 - DEBUG - Next wakeup is due at 2025-09-15 12:33:36.840509+05:00 (in 86399.998764 seconds)
2025-09-14 12:33:36,841 - WARNING - Таск для игры Elden Ring уже был создан ранее. Ложный вызов.
2025-09-14 12:33:36,841 - INFO - Added job "time_task_to_resave" to job store "default"
2025-09-14 12:33:36,841 - INFO - Создан таск для игры Horizon Zero Dawn с частотой 6 месяцев.
2025-09-14 12:33:36,842 - DEBUG - Looking for jobs to run
2025-09-14 12:33:36,842 - DEBUG - Next wakeup is due at 2025-09-15 12:33:36.840509+05:00 (in 86399.998414 seconds)
2025-09-14 12:33:36,842 - WARNING - Таск для игры Horizon Zero Dawn уже был создан ранее. Ложный вызов.
2025-09-14 12:33:36,842 - INFO - Added job "time_task_to_resave" to job store "default"
2025-09-14 12:33:36,842 - INFO - Создан таск для игры Satisfactory с частотой 6 месяцев.
2025-09-14 12:33:36,842 - DEBUG - Looking for jobs to run
2025-09-14 12:33:36,842 - DEBUG - Next wakeup is due at 2025-09-15 12:33:36.840509+05:00 (in 86399.998082 seconds)
2025-09-14 12:33:36,842 - WARNING - Таск для игры Satisfactory уже был создан ранее. Ложный вызов.
2025-09-14 12:33:36,842 - INFO - Added job "time_task_to_resave" to job store "default"
2025-09-14 12:33:36,842 - INFO - Создан таск для игры The Planet Crafter с частотой 4 недели.
2025-09-14 12:33:36,842 - DEBUG - Looking for jobs to run
2025-09-14 12:33:36,842 - DEBUG - Next wakeup is due at 2025-09-15 12:33:36.840509+05:00 (in 86399.997776 seconds)
2025-09-14 12:33:36,842 - WARNING - Таск для игры The Planet Crafter уже был создан ранее. Ложный вызов.
2025-09-14 12:33:36,842 - INFO - Added job "time_task_to_resave" to job store "default"
2025-09-14 12:33:36,842 - INFO - Создан таск для игры Voices of the Void с частотой 9 дней.
2025-09-14 12:33:36,842 - DEBUG - Looking for jobs to run
2025-09-14 12:33:36,843 - DEBUG - Next wakeup is due at 2025-09-15 12:33:36.840509+05:00 (in 86399.997443 seconds)
2025-09-14 12:33:36,843 - WARNING - Таск для игры Voices of the Void уже был создан ранее. Ложный вызов.
2025-09-14 12:33:36,844 - INFO - Процесс Atomic HeaRT запущен.
2025-09-14 12:33:36,845 - INFO - Процесс Cult Of The Lamb запущен.
2025-09-14 12:33:36,845 - INFO - Процесс Elden Ring запущен.
2025-09-14 12:33:36,845 - INFO - Процесс Horizon Zero Dawn запущен.
2025-09-14 12:33:36,845 - INFO - Процесс Satisfactory запущен.
2025-09-14 12:33:36,845 - INFO - Процесс The Planet Crafter запущен.
2025-09-14 12:33:36,845 - INFO - Процесс Voices of the Void запущен.
2025-09-14 12:33:36,846 - ERROR - Для игры Atomic HeaRT не указана директория с самой игрой!
2025-09-14 12:33:36,917 - INFO - Scheduler started
2025-09-14 12:33:36,917 - DEBUG - Using proactor: IocpProactor
2025-09-14 12:33:36,917 - DEBUG - Looking for jobs to run
2025-09-14 12:33:36,917 - DEBUG - No jobs; waiting until a job is added
2025-09-14 12:33:36,918 - INFO - Added job "time_task_to_resave" to job store "default"
2025-09-14 12:33:36,918 - INFO - Создан таск для игры Atomic HeaRT с частотой 1 день.
2025-09-14 12:33:36,918 - DEBUG - Looking for jobs to run
2025-09-14 12:33:36,918 - DEBUG - Next wakeup is due at 2025-09-15 12:33:36.840509+05:00 (in 86399.921928 seconds)
2025-09-14 12:33:36,918 - WARNING - Таск для игры Atomic HeaRT уже был создан ранее. Ложный вызов.
2025-09-14 12:33:36,918 - INFO - Added job "time_task_to_resave" to job store "default"
2025-09-14 12:33:36,919 - INFO - Создан таск для игры Cult Of The Lamb с частотой 3 месяца.
2025-09-14 12:33:36,919 - DEBUG - Looking for jobs to run
2025-09-14 12:33:36,919 - DEBUG - Next wakeup is due at 2025-09-15 12:33:36.840509+05:00 (in 86399.921327 seconds)
2025-09-14 12:33:36,919 - INFO - Начато наблюдение за программой: eldenring.exe
2025-09-14 12:33:36,919 - WARNING - Таск для игры Cult Of The Lamb уже был создан ранее. Ложный вызов.
2025-09-14 12:33:36,982 - INFO - Added job "time_task_to_resave" to job store "default"
2025-09-14 12:33:36,982 - INFO - Создан таск для игры Elden Ring с частотой 3 дней.
2025-09-14 12:33:36,982 - DEBUG - Looking for jobs to run
2025-09-14 12:33:36,982 - DEBUG - Next wakeup is due at 2025-09-15 12:33:36.840509+05:00 (in 86399.857562 seconds)
2025-09-14 12:33:36,983 - WARNING - Таск для игры Elden Ring уже был создан ранее. Ложный вызов.
2025-09-14 12:33:36,983 - INFO - Added job "time_task_to_resave" to job store "default"
2025-09-14 12:33:36,983 - INFO - Создан таск для игры Horizon Zero Dawn с частотой 6 месяцев.
2025-09-14 12:33:36,983 - DEBUG - Looking for jobs to run
2025-09-14 12:33:36,992 - DEBUG - Next wakeup is due at 2025-09-15 12:33:36.840509+05:00 (in 86399.848518 seconds)
2025-09-14 12:33:37,000 - WARNING - Таск для игры Horizon Zero Dawn уже был создан ранее. Ложный вызов.
2025-09-14 12:33:37,009 - INFO - Added job "time_task_to_resave" to job store "default"
2025-09-14 12:33:37,009 - INFO - Создан таск для игры Satisfactory с частотой 6 месяцев.
2025-09-14 12:33:37,009 - DEBUG - Looking for jobs to run
2025-09-14 12:33:37,017 - DEBUG - Next wakeup is due at 2025-09-15 12:33:36.840509+05:00 (in 86399.822569 seconds)
2025-09-14 12:33:37,018 - WARNING - Таск для игры Satisfactory уже был создан ранее. Ложный вызов.
2025-09-14 12:33:37,018 - INFO - Added job "time_task_to_resave" to job store "default"
2025-09-14 12:33:37,018 - INFO - Создан таск для игры The Planet Crafter с частотой 4 недели.
2025-09-14 12:33:37,018 - DEBUG - Looking for jobs to run
2025-09-14 12:33:37,026 - DEBUG - Next wakeup is due at 2025-09-15 12:33:36.840509+05:00 (in 86399.813779 seconds)
2025-09-14 12:33:37,026 - WARNING - Таск для игры The Planet Crafter уже был создан ранее. Ложный вызов.
2025-09-14 12:33:37,027 - INFO - Added job "time_task_to_resave" to job store "default"
2025-09-14 12:33:37,035 - INFO - Создан таск для игры Voices of the Void с частотой 9 дней.
2025-09-14 12:33:37,035 - DEBUG - Looking for jobs to run
2025-09-14 12:33:37,044 - DEBUG - Next wakeup is due at 2025-09-15 12:33:36.840509+05:00 (in 86399.796320 seconds)
2025-09-14 12:33:37,044 - WARNING - Таск для игры Voices of the Void уже был создан ранее. Ложный вызов.
2025-09-14 12:33:37,052 - INFO - Процесс Atomic HeaRT запущен.
2025-09-14 12:33:37,061 - INFO - Процесс Cult Of The Lamb запущен.
2025-09-14 12:33:37,069 - INFO - Процесс Elden Ring запущен.
2025-09-14 12:33:37,078 - INFO - Процесс Horizon Zero Dawn запущен.
2025-09-14 12:33:37,087 - INFO - Процесс Satisfactory запущен.
2025-09-14 12:33:37,096 - INFO - Процесс The Planet Crafter запущен.
2025-09-14 12:33:37,104 - INFO - Процесс Voices of the Void запущен.
2025-09-14 12:33:38,601 - INFO - Начато наблюдение за программой: start_protected_game.exe
2025-09-14 12:33:38,646 - INFO - Начато наблюдение за программой: Planet Crafter.exe
2025-09-14 12:33:38,690 - INFO - Начато наблюдение за программой: UnityCrashHandler64.exe
2025-09-14 12:33:38,733 - INFO - Начато наблюдение за программой: FactoryGameSteam.exe
2025-09-14 12:33:38,775 - INFO - Начато наблюдение за программой: HorizonZeroDawn.exe
2025-09-14 12:33:38,817 - INFO - Начато наблюдение за программой: Cult Of The Lamb.exe
2025-09-14 12:33:38,857 - INFO - Начато наблюдение за программой: UnityCrashHandler64.exe
2025-09-14 12:33:38,899 - INFO - Начато наблюдение за программой: VotV.exe
2025-09-14 12:38:20,778 - INFO - Scheduler started
2025-09-14 12:38:20,778 - DEBUG - Looking for jobs to run
2025-09-14 12:38:20,778 - DEBUG - No jobs; waiting until a job is added
2025-09-14 12:38:20,779 - INFO - Added job "time_task_to_resave" to job store "default"
2025-09-14 12:38:20,779 - INFO - Создан таск для игры Atomic Heart с частотой 1 день.
2025-09-14 12:38:20,779 - DEBUG - Looking for jobs to run
2025-09-14 12:38:20,780 - DEBUG - Next wakeup is due at 2025-09-15 12:38:20.779690+05:00 (in 86399.999670 seconds)
2025-09-14 12:38:20,780 - WARNING - Таск для игры Atomic Heart уже был создан ранее. Ложный вызов.
2025-09-14 12:38:20,780 - INFO - Added job "time_task_to_resave" to job store "default"
2025-09-14 12:38:20,780 - INFO - Создан таск для игры Cult Of The Lamb с частотой 3 месяца.
2025-09-14 12:38:20,780 - DEBUG - Looking for jobs to run
2025-09-14 12:38:20,780 - DEBUG - Next wakeup is due at 2025-09-15 12:38:20.779690+05:00 (in 86399.999251 seconds)
2025-09-14 12:38:20,780 - WARNING - Таск для игры Cult Of The Lamb уже был создан ранее. Ложный вызов.
2025-09-14 12:38:20,780 - INFO - Added job "time_task_to_resave" to job store "default"
2025-09-14 12:38:20,780 - INFO - Создан таск для игры Elden Ring с частотой 3 дней.
2025-09-14 12:38:20,780 - DEBUG - Looking for jobs to run
2025-09-14 12:38:20,780 - DEBUG - Next wakeup is due at 2025-09-15 12:38:20.779690+05:00 (in 86399.998901 seconds)
2025-09-14 12:38:20,780 - WARNING - Таск для игры Elden Ring уже был создан ранее. Ложный вызов.
2025-09-14 12:38:20,780 - INFO - Added job "time_task_to_resave" to job store "default"
2025-09-14 12:38:20,781 - INFO - Создан таск для игры Horizon Zero Dawn с частотой 6 месяцев.
2025-09-14 12:38:20,781 - DEBUG - Looking for jobs to run
2025-09-14 12:38:20,781 - DEBUG - Next wakeup is due at 2025-09-15 12:38:20.779690+05:00 (in 86399.998581 seconds)
2025-09-14 12:38:20,781 - WARNING - Таск для игры Horizon Zero Dawn уже был создан ранее. Ложный вызов.
2025-09-14 12:38:20,781 - INFO - Added job "time_task_to_resave" to job store "default"
2025-09-14 12:38:20,781 - INFO - Создан таск для игры Satisfactory с частотой 6 месяцев.
2025-09-14 12:38:20,781 - DEBUG - Looking for jobs to run
2025-09-14 12:38:20,781 - DEBUG - Next wakeup is due at 2025-09-15 12:38:20.779690+05:00 (in 86399.998214 seconds)
2025-09-14 12:38:20,781 - WARNING - Таск для игры Satisfactory уже был создан ранее. Ложный вызов.
2025-09-14 12:38:20,781 - INFO - Added job "time_task_to_resave" to job store "default"
2025-09-14 12:38:20,781 - INFO - Создан таск для игры The Planet Crafter с частотой 4 недели.
2025-09-14 12:38:20,781 - DEBUG - Looking for jobs to run
2025-09-14 12:38:20,781 - DEBUG - Next wakeup is due at 2025-09-15 12:38:20.779690+05:00 (in 86399.997779 seconds)
2025-09-14 12:38:20,782 - WARNING - Таск для игры The Planet Crafter уже был создан ранее. Ложный вызов.
2025-09-14 12:38:20,782 - INFO - Added job "time_task_to_resave" to job store "default"
2025-09-14 12:38:20,782 - INFO - Создан таск для игры Voices of the Void с частотой 9 дней.
2025-09-14 12:38:20,782 - DEBUG - Looking for jobs to run
2025-09-14 12:38:20,782 - DEBUG - Next wakeup is due at 2025-09-15 12:38:20.779690+05:00 (in 86399.997366 seconds)
2025-09-14 12:38:20,782 - WARNING - Таск для игры Voices of the Void уже был создан ранее. Ложный вызов.
2025-09-14 12:38:20,784 - INFO - Процесс Atomic Heart запущен.
2025-09-14 12:38:20,784 - INFO - Процесс Cult Of The Lamb запущен.
2025-09-14 12:38:20,784 - INFO - Процесс Elden Ring запущен.
2025-09-14 12:38:20,785 - INFO - Процесс Horizon Zero Dawn запущен.
2025-09-14 12:38:20,785 - INFO - Процесс Satisfactory запущен.
2025-09-14 12:38:20,785 - INFO - Процесс The Planet Crafter запущен.
2025-09-14 12:38:20,785 - INFO - Процесс Voices of the Void запущен.
2025-09-14 12:38:20,786 - ERROR - Для игры Atomic Heart не указана директория с самой игрой!
2025-09-14 12:38:20,873 - DEBUG - Using proactor: IocpProactor
2025-09-14 12:38:20,873 - INFO - Scheduler started
2025-09-14 12:38:20,874 - DEBUG - Looking for jobs to run
2025-09-14 12:38:20,874 - DEBUG - No jobs; waiting until a job is added
2025-09-14 12:38:20,874 - INFO - Added job "time_task_to_resave" to job store "default"
2025-09-14 12:38:20,874 - INFO - Создан таск для игры Atomic Heart с частотой 1 день.
2025-09-14 12:38:20,874 - DEBUG - Looking for jobs to run
2025-09-14 12:38:20,875 - DEBUG - Next wakeup is due at 2025-09-15 12:38:20.779690+05:00 (in 86399.904669 seconds)
2025-09-14 12:38:20,875 - WARNING - Таск для игры Atomic Heart уже был создан ранее. Ложный вызов.
2025-09-14 12:38:20,875 - INFO - Начато наблюдение за программой: eldenring.exe
2025-09-14 12:38:20,926 - INFO - Added job "time_task_to_resave" to job store "default"
2025-09-14 12:38:20,926 - INFO - Создан таск для игры Cult Of The Lamb с частотой 3 месяца.
2025-09-14 12:38:20,927 - DEBUG - Looking for jobs to run
2025-09-14 12:38:20,935 - DEBUG - Next wakeup is due at 2025-09-15 12:38:20.779690+05:00 (in 86399.843954 seconds)
2025-09-14 12:38:20,935 - WARNING - Таск для игры Cult Of The Lamb уже был создан ранее. Ложный вызов.
2025-09-14 12:38:20,944 - INFO - Added job "time_task_to_resave" to job store "default"
2025-09-14 12:38:20,944 - INFO - Создан таск для игры Elden Ring с частотой 3 дней.
2025-09-14 12:38:20,944 - DEBUG - Looking for jobs to run
2025-09-14 12:38:20,953 - DEBUG - Next wakeup is due at 2025-09-15 12:38:20.779690+05:00 (in 86399.826337 seconds)
2025-09-14 12:38:20,953 - WARNING - Таск для игры Elden Ring уже был создан ранее. Ложный вызов.
2025-09-14 12:38:20,961 - INFO - Added job "time_task_to_resave" to job store "default"
2025-09-14 12:38:20,962 - INFO - Создан таск для игры Horizon Zero Dawn с частотой 6 месяцев.
2025-09-14 12:38:20,962 - DEBUG - Looking for jobs to run
2025-09-14 12:38:20,962 - DEBUG - Next wakeup is due at 2025-09-15 12:38:20.779690+05:00 (in 86399.817414 seconds)
2025-09-14 12:38:20,970 - WARNING - Таск для игры Horizon Zero Dawn уже был создан ранее. Ложный вызов.
2025-09-14 12:38:20,979 - INFO - Added job "time_task_to_resave" to job store "default"
2025-09-14 12:38:20,979 - INFO - Создан таск для игры Satisfactory с частотой 6 месяцев.
2025-09-14 12:38:20,979 - DEBUG - Looking for jobs to run
2025-09-14 12:38:20,988 - DEBUG - Next wakeup is due at 2025-09-15 12:38:20.779690+05:00 (in 86399.791254 seconds)
2025-09-14 12:38:20,988 - WARNING - Таск для игры Satisfactory уже был создан ранее. Ложный вызов.
2025-09-14 12:38:20,997 - INFO - Added job "time_task_to_resave" to job store "default"
2025-09-14 12:38:20,997 - INFO - Создан таск для игры The Planet Crafter с частотой 4 недели.
2025-09-14 12:38:20,997 - DEBUG - Looking for jobs to run
2025-09-14 12:38:20,997 - DEBUG - Next wakeup is due at 2025-09-15 12:38:20.779690+05:00 (in 86399.782403 seconds)
2025-09-14 12:38:20,997 - WARNING - Таск для игры The Planet Crafter уже был создан ранее. Ложный вызов.
2025-09-14 12:38:21,006 - INFO - Added job "time_task_to_resave" to job store "default"
2025-09-14 12:38:21,006 - INFO - Создан таск для игры Voices of the Void с частотой 9 дней.
2025-09-14 12:38:21,006 - DEBUG - Looking for jobs to run
2025-09-14 12:38:21,015 - DEBUG - Next wakeup is due at 2025-09-15 12:38:20.779690+05:00 (in 86399.764581 seconds)
2025-09-14 12:38:21,015 - WARNING - Таск для игры Voices of the Void уже был создан ранее. Ложный вызов.
2025-09-14 12:38:21,031 - INFO - Процесс Atomic Heart запущен.
2025-09-14 12:38:21,040 - INFO - Процесс Cult Of The Lamb запущен.
2025-09-14 12:38:21,048 - INFO - Процесс Elden Ring запущен.
2025-09-14 12:38:21,056 - INFO - Процесс Horizon Zero Dawn запущен.
2025-09-14 12:38:21,064 - INFO - Процесс Satisfactory запущен.
2025-09-14 12:38:21,073 - INFO - Процесс The Planet Crafter запущен.
2025-09-14 12:38:21,082 - INFO - Процесс Voices of the Void запущен.
2025-09-14 12:38:22,508 - INFO - Начато наблюдение за программой: start_protected_game.exe
2025-09-14 12:38:22,553 - INFO - Начато наблюдение за программой: Planet Crafter.exe
2025-09-14 12:38:22,597 - INFO - Начато наблюдение за программой: UnityCrashHandler64.exe
2025-09-14 12:38:22,642 - INFO - Начато наблюдение за программой: FactoryGameSteam.exe
2025-09-14 12:38:22,687 - INFO - Начато наблюдение за программой: HorizonZeroDawn.exe
2025-09-14 12:38:22,728 - INFO - Начато наблюдение за программой: Cult Of The Lamb.exe
2025-09-14 12:38:22,770 - INFO - Начато наблюдение за программой: UnityCrashHandler64.exe
2025-09-14 12:38:22,811 - INFO - Начато наблюдение за программой: VotV.exe
2025-10-09 18:25:20,500 - INFO - Scheduler started
2025-10-09 18:25:20,500 - DEBUG - Looking for jobs to run
2025-10-09 18:25:20,500 - DEBUG - No jobs; waiting until a job is added
2025-10-09 18:25:20,509 - INFO - Added job "time_task_to_resave" to job store "default"
2025-10-09 18:25:20,509 - INFO - Создан таск для игры Atomic Heart с частотой 1 день.
2025-10-09 18:25:20,510 - DEBUG - Looking for jobs to run
2025-10-09 18:25:20,510 - DEBUG - Next wakeup is due at 2025-10-10 18:25:20.509506+05:00 (in 86399.999438 seconds)
2025-10-09 18:25:20,510 - WARNING - Таск для игры Atomic Heart уже был создан ранее. Ложный вызов.
2025-10-09 18:25:20,510 - INFO - Added job "time_task_to_resave" to job store "default"
2025-10-09 18:25:20,510 - INFO - Создан таск для игры Cult Of The Lamb с частотой 3 месяца.
2025-10-09 18:25:20,510 - DEBUG - Looking for jobs to run
2025-10-09 18:25:20,510 - DEBUG - Next wakeup is due at 2025-10-10 18:25:20.509506+05:00 (in 86399.998730 seconds)
2025-10-09 18:25:20,510 - WARNING - Таск для игры Cult Of The Lamb уже был создан ранее. Ложный вызов.
2025-10-09 18:25:20,510 - INFO - Added job "time_task_to_resave" to job store "default"
2025-10-09 18:25:20,511 - INFO - Создан таск для игры Elden Ring с частотой 3 дней.
2025-10-09 18:25:20,511 - DEBUG - Looking for jobs to run
2025-10-09 18:25:20,511 - DEBUG - Next wakeup is due at 2025-10-10 18:25:20.509506+05:00 (in 86399.998369 seconds)
2025-10-09 18:25:20,511 - WARNING - Таск для игры Elden Ring уже был создан ранее. Ложный вызов.
2025-10-09 18:25:20,511 - INFO - Added job "time_task_to_resave" to job store "default"
2025-10-09 18:25:20,511 - INFO - Создан таск для игры Horizon Zero Dawn с частотой 6 месяцев.
2025-10-09 18:25:20,511 - DEBUG - Looking for jobs to run
2025-10-09 18:25:20,511 - DEBUG - Next wakeup is due at 2025-10-10 18:25:20.509506+05:00 (in 86399.998001 seconds)
2025-10-09 18:25:20,511 - WARNING - Таск для игры Horizon Zero Dawn уже был создан ранее. Ложный вызов.
2025-10-09 18:25:20,511 - INFO - Added job "time_task_to_resave" to job store "default"
2025-10-09 18:25:20,511 - INFO - Создан таск для игры Satisfactory с частотой 6 месяцев.
2025-10-09 18:25:20,511 - DEBUG - Looking for jobs to run
2025-10-09 18:25:20,511 - WARNING - Таск для игры Satisfactory уже был создан ранее. Ложный вызов.
2025-10-09 18:25:20,511 - DEBUG - Next wakeup is due at 2025-10-10 18:25:20.509506+05:00 (in 86399.997585 seconds)
2025-10-09 18:25:20,512 - INFO - Added job "time_task_to_resave" to job store "default"
2025-10-09 18:25:20,512 - INFO - Создан таск для игры The Planet Crafter с частотой 4 недели.
2025-10-09 18:25:20,512 - DEBUG - Looking for jobs to run
2025-10-09 18:25:20,512 - DEBUG - Next wakeup is due at 2025-10-10 18:25:20.509506+05:00 (in 86399.997137 seconds)
2025-10-09 18:25:20,512 - WARNING - Таск для игры The Planet Crafter уже был создан ранее. Ложный вызов.
2025-10-09 18:25:20,512 - INFO - Added job "time_task_to_resave" to job store "default"
2025-10-09 18:25:20,512 - INFO - Создан таск для игры Voices of the Void с частотой 9 дней.
2025-10-09 18:25:20,512 - DEBUG - Looking for jobs to run
2025-10-09 18:25:20,512 - DEBUG - Next wakeup is due at 2025-10-10 18:25:20.509506+05:00 (in 86399.996798 seconds)
2025-10-09 18:25:20,512 - WARNING - Таск для игры Voices of the Void уже был создан ранее. Ложный вызов.
2025-10-09 18:25:20,515 - INFO - Процесс Atomic Heart запущен.
2025-10-09 18:25:21,259 - INFO - Резервная копия сохранения игры Atomic Heart была сделана вручную, т. к. во время необходимого запланированного резервного копирования приложение было закрыто по тем или иным причинам.
2025-10-09 18:25:21,262 - INFO - Процесс Cult Of The Lamb запущен.
2025-10-09 18:25:21,327 - INFO - Резервная копия сохранения игры Cult Of The Lamb была сделана вручную, т. к. во время необходимого запланированного резервного копирования приложение было закрыто по тем или иным причинам.
2025-10-09 18:25:21,330 - INFO - Процесс Elden Ring запущен.
2025-10-09 18:25:21,334 - INFO - Резервная копия сохранения игры Elden Ring была сделана вручную, т. к. во время необходимого запланированного резервного копирования приложение было закрыто по тем или иным причинам.
2025-10-09 18:25:21,336 - INFO - Процесс Horizon Zero Dawn запущен.
2025-10-09 18:25:21,336 - INFO - Процесс Satisfactory запущен.
2025-10-09 18:25:21,336 - INFO - Процесс The Planet Crafter запущен.
2025-10-09 18:25:21,339 - INFO - Резервная копия сохранения игры The Planet Crafter была сделана вручную, т. к. во время необходимого запланированного резервного копирования приложение было закрыто по тем или иным причинам.
2025-10-09 18:25:21,342 - INFO - Процесс Voices of the Void запущен.
2025-10-09 18:25:21,346 - INFO - Резервная копия сохранения игры Voices of the Void была сделана вручную, т. к. во время необходимого запланированного резервного копирования приложение было закрыто по тем или иным причинам.
2025-10-09 18:25:21,350 - ERROR - Для игры Atomic Heart не указана директория с самой игрой!
2025-10-09 18:25:21,831 - DEBUG - Using proactor: IocpProactor
2025-10-09 18:25:21,831 - INFO - Scheduler started
2025-10-09 18:25:21,832 - DEBUG - Looking for jobs to run
2025-10-09 18:25:21,832 - DEBUG - No jobs; waiting until a job is added
2025-10-09 18:25:21,832 - INFO - Added job "time_task_to_resave" to job store "default"
2025-10-09 18:25:21,832 - INFO - Создан таск для игры Atomic Heart с частотой 1 день.
2025-10-09 18:25:21,832 - DEBUG - Looking for jobs to run
2025-10-09 18:25:21,832 - DEBUG - Next wakeup is due at 2025-10-10 18:25:20.509506+05:00 (in 86398.676823 seconds)
2025-10-09 18:25:21,832 - WARNING - Таск для игры Atomic Heart уже был создан ранее. Ложный вызов.
2025-10-09 18:25:21,833 - INFO - Added job "time_task_to_resave" to job store "default"
2025-10-09 18:25:21,833 - INFO - Начато наблюдение за программой: eldenring.exe
2025-10-09 18:25:21,833 - INFO - Создан таск для игры Cult Of The Lamb с частотой 3 месяца.
2025-10-09 18:25:21,833 - DEBUG - Looking for jobs to run
2025-10-09 18:25:21,875 - DEBUG - Next wakeup is due at 2025-10-10 18:25:20.509506+05:00 (in 86398.633944 seconds)
2025-10-09 18:25:21,886 - WARNING - Таск для игры Cult Of The Lamb уже был создан ранее. Ложный вызов.
2025-10-09 18:25:21,896 - INFO - Added job "time_task_to_resave" to job store "default"
2025-10-09 18:25:21,906 - INFO - Создан таск для игры Elden Ring с частотой 3 дней.
2025-10-09 18:25:21,906 - DEBUG - Looking for jobs to run
2025-10-09 18:25:21,906 - DEBUG - Next wakeup is due at 2025-10-10 18:25:20.509506+05:00 (in 86398.602913 seconds)
2025-10-09 18:25:21,906 - WARNING - Таск для игры Elden Ring уже был создан ранее. Ложный вызов.
2025-10-09 18:25:21,906 - INFO - Added job "time_task_to_resave" to job store "default"
2025-10-09 18:25:21,916 - INFO - Создан таск для игры Horizon Zero Dawn с частотой 6 месяцев.
2025-10-09 18:25:21,917 - DEBUG - Looking for jobs to run
2025-10-09 18:25:21,917 - DEBUG - Next wakeup is due at 2025-10-10 18:25:20.509506+05:00 (in 86398.592350 seconds)
2025-10-09 18:25:21,917 - WARNING - Таск для игры Horizon Zero Dawn уже был создан ранее. Ложный вызов.
2025-10-09 18:25:21,917 - INFO - Added job "time_task_to_resave" to job store "default"
2025-10-09 18:25:21,917 - INFO - Создан таск для игры Satisfactory с частотой 6 месяцев.
2025-10-09 18:25:21,917 - DEBUG - Looking for jobs to run
2025-10-09 18:25:21,927 - DEBUG - Next wakeup is due at 2025-10-10 18:25:20.509506+05:00 (in 86398.581597 seconds)
2025-10-09 18:25:21,928 - WARNING - Таск для игры Satisfactory уже был создан ранее. Ложный вызов.
2025-10-09 18:25:21,938 - INFO - Added job "time_task_to_resave" to job store "default"
2025-10-09 18:25:21,938 - INFO - Создан таск для игры The Planet Crafter с частотой 4 недели.
2025-10-09 18:25:21,938 - DEBUG - Looking for jobs to run
2025-10-09 18:25:21,948 - DEBUG - Next wakeup is due at 2025-10-10 18:25:20.509506+05:00 (in 86398.560928 seconds)
2025-10-09 18:25:21,948 - WARNING - Таск для игры The Planet Crafter уже был создан ранее. Ложный вызов.
2025-10-09 18:25:21,948 - INFO - Added job "time_task_to_resave" to job store "default"
2025-10-09 18:25:21,949 - INFO - Создан таск для игры Voices of the Void с частотой 9 дней.
2025-10-09 18:25:21,949 - DEBUG - Looking for jobs to run
2025-10-09 18:25:21,959 - DEBUG - Next wakeup is due at 2025-10-10 18:25:20.509506+05:00 (in 86398.550087 seconds)
2025-10-09 18:25:21,959 - WARNING - Таск для игры Voices of the Void уже был создан ранее. Ложный вызов.
2025-10-09 18:25:21,980 - INFO - Процесс Atomic Heart запущен.
2025-10-09 18:25:21,980 - INFO - Процесс Cult Of The Lamb запущен.
2025-10-09 18:25:21,991 - INFO - Процесс Elden Ring запущен.
2025-10-09 18:25:22,002 - INFO - Процесс Horizon Zero Dawn запущен.
2025-10-09 18:25:22,012 - INFO - Процесс Satisfactory запущен.
2025-10-09 18:25:22,022 - INFO - Процесс The Planet Crafter запущен.
2025-10-09 18:25:22,033 - INFO - Процесс Voices of the Void запущен.
2025-10-09 18:25:24,680 - INFO - Начато наблюдение за программой: start_protected_game.exe
2025-10-09 18:25:24,734 - INFO - Начато наблюдение за программой: Planet Crafter.exe
2025-10-09 18:25:24,788 - INFO - Начато наблюдение за программой: UnityCrashHandler64.exe
2025-10-09 18:25:24,841 - INFO - Начато наблюдение за программой: FactoryGameSteam.exe
2025-10-09 18:25:24,892 - INFO - Начато наблюдение за программой: HorizonZeroDawn.exe
2025-10-09 18:25:24,978 - INFO - Начато наблюдение за программой: Cult Of The Lamb.exe
2025-10-09 18:25:25,031 - INFO - Начато наблюдение за программой: UnityCrashHandler64.exe
2025-10-09 18:25:25,082 - INFO - Начато наблюдение за программой: VotV.exe
2025-10-09 18:29:52,949 - INFO - Scheduler started
2025-10-09 18:29:52,949 - DEBUG - Looking for jobs to run
2025-10-09 18:29:52,949 - DEBUG - No jobs; waiting until a job is added
2025-10-09 18:29:52,951 - INFO - Added job "time_task_to_resave" to job store "default"
2025-10-09 18:29:52,951 - INFO - Создан таск для игры Atomic Heart с частотой 1 день.
2025-10-09 18:29:52,951 - DEBUG - Looking for jobs to run
2025-10-09 18:29:52,951 - DEBUG - Next wakeup is due at 2025-10-10 18:29:52.951064+05:00 (in 86399.999641 seconds)
2025-10-09 18:29:52,951 - WARNING - Таск для игры Atomic Heart уже был создан ранее. Ложный вызов.
2025-10-09 18:29:52,951 - INFO - Added job "time_task_to_resave" to job store "default"
2025-10-09 18:29:52,951 - INFO - Создан таск для игры Cult Of The Lamb с частотой 3 месяца.
2025-10-09 18:29:52,951 - DEBUG - Looking for jobs to run
2025-10-09 18:29:52,951 - DEBUG - Next wakeup is due at 2025-10-10 18:29:52.951064+05:00 (in 86399.999098 seconds)
2025-10-09 18:29:52,952 - WARNING - Таск для игры Cult Of The Lamb уже был создан ранее. Ложный вызов.
2025-10-09 18:29:52,952 - INFO - Added job "time_task_to_resave" to job store "default"
2025-10-09 18:29:52,952 - INFO - Создан таск для игры Elden Ring с частотой 3 дней.
2025-10-09 18:29:52,952 - DEBUG - Looking for jobs to run
2025-10-09 18:29:52,952 - DEBUG - Next wakeup is due at 2025-10-10 18:29:52.951064+05:00 (in 86399.998712 seconds)
2025-10-09 18:29:52,952 - WARNING - Таск для игры Elden Ring уже был создан ранее. Ложный вызов.
2025-10-09 18:29:52,952 - INFO - Added job "time_task_to_resave" to job store "default"
2025-10-09 18:29:52,952 - INFO - Создан таск для игры Horizon Zero Dawn с частотой 6 месяцев.
2025-10-09 18:29:52,952 - DEBUG - Looking for jobs to run
2025-10-09 18:29:52,952 - DEBUG - Next wakeup is due at 2025-10-10 18:29:52.951064+05:00 (in 86399.998371 seconds)
2025-10-09 18:29:52,952 - WARNING - Таск для игры Horizon Zero Dawn уже был создан ранее. Ложный вызов.
2025-10-09 18:29:52,952 - INFO - Added job "time_task_to_resave" to job store "default"
2025-10-09 18:29:52,952 - INFO - Создан таск для игры Satisfactory с частотой 6 месяцев.
2025-10-09 18:29:52,952 - DEBUG - Looking for jobs to run
2025-10-09 18:29:52,953 - DEBUG - Next wakeup is due at 2025-10-10 18:29:52.951064+05:00 (in 86399.998051 seconds)
2025-10-09 18:29:52,953 - WARNING - Таск для игры Satisfactory уже был создан ранее. Ложный вызов.
2025-10-09 18:29:52,953 - INFO - Added job "time_task_to_resave" to job store "default"
2025-10-09 18:29:52,953 - INFO - Создан таск для игры The Planet Crafter с частотой 4 недели.
2025-10-09 18:29:52,953 - DEBUG - Looking for jobs to run
2025-10-09 18:29:52,953 - DEBUG - Next wakeup is due at 2025-10-10 18:29:52.951064+05:00 (in 86399.997732 seconds)
2025-10-09 18:29:52,953 - WARNING - Таск для игры The Planet Crafter уже был создан ранее. Ложный вызов.
2025-10-09 18:29:52,953 - INFO - Added job "time_task_to_resave" to job store "default"
2025-10-09 18:29:52,953 - INFO - Создан таск для игры Voices of the Void с частотой 9 дней.
2025-10-09 18:29:52,953 - DEBUG - Looking for jobs to run
2025-10-09 18:29:52,953 - DEBUG - Next wakeup is due at 2025-10-10 18:29:52.951064+05:00 (in 86399.997412 seconds)
2025-10-09 18:29:52,953 - WARNING - Таск для игры Voices of the Void уже был создан ранее. Ложный вызов.
2025-10-09 18:29:52,955 - INFO - Процесс Atomic Heart запущен.
2025-10-09 18:29:52,955 - INFO - Процесс Cult Of The Lamb запущен.
2025-10-09 18:29:58,142 - INFO - Scheduler started
2025-10-09 18:29:58,143 - DEBUG - Looking for jobs to run
2025-10-09 18:29:58,143 - DEBUG - No jobs; waiting until a job is added
2025-10-09 18:29:58,144 - INFO - Added job "time_task_to_resave" to job store "default"
2025-10-09 18:29:58,144 - INFO - Создан таск для игры Atomic Heart с частотой 1 день.
2025-10-09 18:29:58,145 - DEBUG - Looking for jobs to run
2025-10-09 18:29:58,145 - DEBUG - Next wakeup is due at 2025-10-10 18:29:58.144706+05:00 (in 86399.999557 seconds)
2025-10-09 18:29:58,145 - WARNING - Таск для игры Atomic Heart уже был создан ранее. Ложный вызов.
2025-10-09 18:29:58,145 - INFO - Added job "time_task_to_resave" to job store "default"
2025-10-09 18:29:58,145 - INFO - Создан таск для игры Cult Of The Lamb с частотой 3 месяца.
2025-10-09 18:29:58,145 - DEBUG - Looking for jobs to run
2025-10-09 18:29:58,145 - DEBUG - Next wakeup is due at 2025-10-10 18:29:58.144706+05:00 (in 86399.999038 seconds)
2025-10-09 18:29:58,145 - WARNING - Таск для игры Cult Of The Lamb уже был создан ранее. Ложный вызов.
2025-10-09 18:29:58,145 - INFO - Added job "time_task_to_resave" to job store "default"
2025-10-09 18:29:58,145 - INFO - Создан таск для игры Elden Ring с частотой 3 дней.
2025-10-09 18:29:58,145 - DEBUG - Looking for jobs to run
2025-10-09 18:29:58,146 - DEBUG - Next wakeup is due at 2025-10-10 18:29:58.144706+05:00 (in 86399.998664 seconds)
2025-10-09 18:29:58,146 - WARNING - Таск для игры Elden Ring уже был создан ранее. Ложный вызов.
2025-10-09 18:29:58,146 - INFO - Added job "time_task_to_resave" to job store "default"
2025-10-09 18:29:58,146 - INFO - Создан таск для игры Horizon Zero Dawn с частотой 6 месяцев.
2025-10-09 18:29:58,146 - DEBUG - Looking for jobs to run
2025-10-09 18:29:58,146 - DEBUG - Next wakeup is due at 2025-10-10 18:29:58.144706+05:00 (in 86399.998212 seconds)
2025-10-09 18:29:58,146 - WARNING - Таск для игры Horizon Zero Dawn уже был создан ранее. Ложный вызов.
2025-10-09 18:29:58,146 - INFO - Added job "time_task_to_resave" to job store "default"
2025-10-09 18:29:58,146 - INFO - Создан таск для игры Satisfactory с частотой 6 месяцев.
2025-10-09 18:29:58,146 - DEBUG - Looking for jobs to run
2025-10-09 18:29:58,146 - DEBUG - Next wakeup is due at 2025-10-10 18:29:58.144706+05:00 (in 86399.997801 seconds)
2025-10-09 18:29:58,146 - WARNING - Таск для игры Satisfactory уже был создан ранее. Ложный вызов.
2025-10-09 18:29:58,147 - INFO - Added job "time_task_to_resave" to job store "default"
2025-10-09 18:29:58,147 - INFO - Создан таск для игры The Planet Crafter с частотой 4 недели.
2025-10-09 18:29:58,147 - DEBUG - Looking for jobs to run
2025-10-09 18:29:58,147 - DEBUG - Next wakeup is due at 2025-10-10 18:29:58.144706+05:00 (in 86399.997439 seconds)
2025-10-09 18:29:58,147 - WARNING - Таск для игры The Planet Crafter уже был создан ранее. Ложный вызов.
2025-10-09 18:29:58,147 - INFO - Added job "time_task_to_resave" to job store "default"
2025-10-09 18:29:58,147 - INFO - Создан таск для игры Voices of the Void с частотой 9 дней.
2025-10-09 18:29:58,147 - DEBUG - Looking for jobs to run
2025-10-09 18:29:58,147 - DEBUG - Next wakeup is due at 2025-10-10 18:29:58.144706+05:00 (in 86399.996989 seconds)
2025-10-09 18:29:58,147 - WARNING - Таск для игры Voices of the Void уже был создан ранее. Ложный вызов.
2025-10-09 18:29:58,149 - INFO - Процесс Atomic Heart запущен.
2025-10-09 18:29:58,149 - INFO - Процесс Cult Of The Lamb запущен.
2025-10-09 18:30:04,968 - INFO - Scheduler started
2025-10-09 18:30:04,969 - DEBUG - Looking for jobs to run
2025-10-09 18:30:04,969 - DEBUG - No jobs; waiting until a job is added
2025-10-09 18:30:04,970 - INFO - Added job "time_task_to_resave" to job store "default"
2025-10-09 18:30:04,971 - INFO - Создан таск для игры Atomic Heart с частотой 1 день.
2025-10-09 18:30:04,971 - DEBUG - Looking for jobs to run
2025-10-09 18:30:04,971 - DEBUG - Next wakeup is due at 2025-10-10 18:30:04.970803+05:00 (in 86399.999611 seconds)
2025-10-09 18:30:04,971 - WARNING - Таск для игры Atomic Heart уже был создан ранее. Ложный вызов.
2025-10-09 18:30:04,971 - INFO - Added job "time_task_to_resave" to job store "default"
2025-10-09 18:30:04,971 - INFO - Создан таск для игры Cult Of The Lamb с частотой 3 месяца.
2025-10-09 18:30:04,971 - DEBUG - Looking for jobs to run
2025-10-09 18:30:04,971 - DEBUG - Next wakeup is due at 2025-10-10 18:30:04.970803+05:00 (in 86399.999026 seconds)
2025-10-09 18:30:04,971 - WARNING - Таск для игры Cult Of The Lamb уже был создан ранее. Ложный вызов.
2025-10-09 18:30:04,972 - INFO - Added job "time_task_to_resave" to job store "default"
2025-10-09 18:30:04,972 - INFO - Создан таск для игры Elden Ring с частотой 3 дней.
2025-10-09 18:30:04,972 - DEBUG - Looking for jobs to run
2025-10-09 18:30:04,972 - DEBUG - Next wakeup is due at 2025-10-10 18:30:04.970803+05:00 (in 86399.998622 seconds)
2025-10-09 18:30:04,972 - WARNING - Таск для игры Elden Ring уже был создан ранее. Ложный вызов.
2025-10-09 18:30:04,972 - INFO - Added job "time_task_to_resave" to job store "default"
2025-10-09 18:30:04,972 - INFO - Создан таск для игры Horizon Zero Dawn с частотой 6 месяцев.
2025-10-09 18:30:04,972 - DEBUG - Looking for jobs to run
2025-10-09 18:30:04,972 - DEBUG - Next wakeup is due at 2025-10-10 18:30:04.970803+05:00 (in 86399.998253 seconds)
2025-10-09 18:30:04,972 - WARNING - Таск для игры Horizon Zero Dawn уже был создан ранее. Ложный вызов.
2025-10-09 18:30:04,972 - INFO - Added job "time_task_to_resave" to job store "default"
2025-10-09 18:30:04,972 - INFO - Создан таск для игры Satisfactory с частотой 6 месяцев.
2025-10-09 18:30:04,972 - DEBUG - Looking for jobs to run
2025-10-09 18:30:04,972 - DEBUG - Next wakeup is due at 2025-10-10 18:30:04.970803+05:00 (in 86399.997922 seconds)
2025-10-09 18:30:04,972 - WARNING - Таск для игры Satisfactory уже был создан ранее. Ложный вызов.
2025-10-09 18:30:04,973 - INFO - Added job "time_task_to_resave" to job store "default"
2025-10-09 18:30:04,973 - INFO - Создан таск для игры The Planet Crafter с частотой 4 недели.
2025-10-09 18:30:04,973 - DEBUG - Looking for jobs to run
2025-10-09 18:30:04,973 - DEBUG - Next wakeup is due at 2025-10-10 18:30:04.970803+05:00 (in 86399.997588 seconds)
2025-10-09 18:30:04,973 - WARNING - Таск для игры The Planet Crafter уже был создан ранее. Ложный вызов.
2025-10-09 18:30:04,973 - INFO - Added job "time_task_to_resave" to job store "default"
2025-10-09 18:30:04,973 - INFO - Создан таск для игры Voices of the Void с частотой 9 дней.
2025-10-09 18:30:04,973 - DEBUG - Looking for jobs to run
2025-10-09 18:30:04,973 - DEBUG - Next wakeup is due at 2025-10-10 18:30:04.970803+05:00 (in 86399.997241 seconds)
2025-10-09 18:30:04,973 - WARNING - Таск для игры Voices of the Void уже был создан ранее. Ложный вызов.
2025-10-09 18:30:04,975 - INFO - Процесс Atomic Heart запущен.
2025-10-09 18:30:04,975 - INFO - Процесс Cult Of The Lamb запущен.
2025-10-09 18:30:51,817 - INFO - Scheduler started
2025-10-09 18:30:51,817 - DEBUG - Looking for jobs to run
2025-10-09 18:30:51,817 - DEBUG - No jobs; waiting until a job is added
2025-10-09 18:30:51,818 - INFO - Added job "time_task_to_resave" to job store "default"
2025-10-09 18:30:51,818 - INFO - Создан таск для игры Atomic Heart с частотой 1 день.
2025-10-09 18:30:51,818 - DEBUG - Looking for jobs to run
2025-10-09 18:30:51,818 - DEBUG - Next wakeup is due at 2025-10-10 18:30:51.818589+05:00 (in 86399.999673 seconds)
2025-10-09 18:30:51,818 - WARNING - Таск для игры Atomic Heart уже был создан ранее. Ложный вызов.
2025-10-09 18:30:51,819 - INFO - Added job "time_task_to_resave" to job store "default"
2025-10-09 18:30:51,819 - INFO - Создан таск для игры Cult Of The Lamb с частотой 3 месяца.
2025-10-09 18:30:51,819 - DEBUG - Looking for jobs to run
2025-10-09 18:30:51,819 - DEBUG - Next wakeup is due at 2025-10-10 18:30:51.818589+05:00 (in 86399.999276 seconds)
2025-10-09 18:30:51,819 - WARNING - Таск для игры Cult Of The Lamb уже был создан ранее. Ложный вызов.
2025-10-09 18:30:51,819 - INFO - Added job "time_task_to_resave" to job store "default"
2025-10-09 18:30:51,819 - INFO - Создан таск для игры Elden Ring с частотой 3 дней.
2025-10-09 18:30:51,819 - DEBUG - Looking for jobs to run
2025-10-09 18:30:51,819 - DEBUG - Next wakeup is due at 2025-10-10 18:30:51.818589+05:00 (in 86399.998882 seconds)
2025-10-09 18:30:51,819 - WARNING - Таск для игры Elden Ring уже был создан ранее. Ложный вызов.
2025-10-09 18:30:51,819 - INFO - Added job "time_task_to_resave" to job store "default"
2025-10-09 18:30:51,819 - INFO - Создан таск для игры Horizon Zero Dawn с частотой 6 месяцев.
2025-10-09 18:30:51,819 - DEBUG - Looking for jobs to run
2025-10-09 18:30:51,820 - DEBUG - Next wakeup is due at 2025-10-10 18:30:51.818589+05:00 (in 86399.998569 seconds)
2025-10-09 18:30:51,820 - WARNING - Таск для игры Horizon Zero Dawn уже был создан ранее. Ложный вызов.
2025-10-09 18:30:51,820 - INFO - Added job "time_task_to_resave" to job store "default"
2025-10-09 18:30:51,820 - INFO - Создан таск для игры Satisfactory с частотой 6 месяцев.
2025-10-09 18:30:51,820 - DEBUG - Looking for jobs to run
2025-10-09 18:30:51,820 - DEBUG - Next wakeup is due at 2025-10-10 18:30:51.818589+05:00 (in 86399.998242 seconds)
2025-10-09 18:30:51,820 - WARNING - Таск для игры Satisfactory уже был создан ранее. Ложный вызов.
2025-10-09 18:30:51,820 - INFO - Added job "time_task_to_resave" to job store "default"
2025-10-09 18:30:51,820 - INFO - Создан таск для игры The Planet Crafter с частотой 4 недели.
2025-10-09 18:30:51,820 - DEBUG - Looking for jobs to run
2025-10-09 18:30:51,820 - DEBUG - Next wakeup is due at 2025-10-10 18:30:51.818589+05:00 (in 86399.997877 seconds)
2025-10-09 18:30:51,820 - WARNING - Таск для игры The Planet Crafter уже был создан ранее. Ложный вызов.
2025-10-09 18:30:51,820 - INFO - Added job "time_task_to_resave" to job store "default"
2025-10-09 18:30:51,820 - INFO - Создан таск для игры Voices of the Void с частотой 9 дней.
2025-10-09 18:30:51,820 - DEBUG - Looking for jobs to run
2025-10-09 18:30:51,821 - DEBUG - Next wakeup is due at 2025-10-10 18:30:51.818589+05:00 (in 86399.997507 seconds)
2025-10-09 18:30:51,821 - WARNING - Таск для игры Voices of the Void уже был создан ранее. Ложный вызов.
2025-10-09 18:30:51,822 - INFO - Процесс Atomic Heart запущен.
2025-10-09 18:30:51,823 - INFO - Процесс Cult Of The Lamb запущен.
2025-10-09 18:31:11,227 - INFO - Scheduler started
2025-10-09 18:31:11,227 - DEBUG - Looking for jobs to run
2025-10-09 18:31:11,227 - DEBUG - No jobs; waiting until a job is added
2025-10-09 18:31:11,229 - INFO - Added job "time_task_to_resave" to job store "default"
2025-10-09 18:31:11,229 - INFO - Создан таск для игры Atomic Heart с частотой 1 день.
2025-10-09 18:31:11,229 - DEBUG - Looking for jobs to run
2025-10-09 18:31:11,229 - DEBUG - Next wakeup is due at 2025-10-10 18:31:11.229117+05:00 (in 86399.999623 seconds)
2025-10-09 18:31:11,229 - WARNING - Таск для игры Atomic Heart уже был создан ранее. Ложный вызов.
2025-10-09 18:31:11,229 - INFO - Added job "time_task_to_resave" to job store "default"
2025-10-09 18:31:11,229 - INFO - Создан таск для игры Cult Of The Lamb с частотой 3 месяца.
2025-10-09 18:31:11,229 - DEBUG - Looking for jobs to run
2025-10-09 18:31:11,229 - DEBUG - Next wakeup is due at 2025-10-10 18:31:11.229117+05:00 (in 86399.999217 seconds)
2025-10-09 18:31:11,229 - WARNING - Таск для игры Cult Of The Lamb уже был создан ранее. Ложный вызов.
2025-10-09 18:31:11,230 - INFO - Added job "time_task_to_resave" to job store "default"
2025-10-09 18:31:11,230 - INFO - Создан таск для игры Elden Ring с частотой 3 дней.
2025-10-09 18:31:11,230 - DEBUG - Looking for jobs to run
2025-10-09 18:31:11,230 - DEBUG - Next wakeup is due at 2025-10-10 18:31:11.229117+05:00 (in 86399.998781 seconds)
2025-10-09 18:31:11,230 - WARNING - Таск для игры Elden Ring уже был создан ранее. Ложный вызов.
2025-10-09 18:31:11,230 - INFO - Added job "time_task_to_resave" to job store "default"
2025-10-09 18:31:11,230 - INFO - Создан таск для игры Horizon Zero Dawn с частотой 6 месяцев.
2025-10-09 18:31:11,230 - DEBUG - Looking for jobs to run
2025-10-09 18:31:11,230 - DEBUG - Next wakeup is due at 2025-10-10 18:31:11.229117+05:00 (in 86399.998441 seconds)
2025-10-09 18:31:11,230 - WARNING - Таск для игры Horizon Zero Dawn уже был создан ранее. Ложный вызов.
2025-10-09 18:31:11,230 - INFO - Added job "time_task_to_resave" to job store "default"
2025-10-09 18:31:11,230 - INFO - Создан таск для игры Satisfactory с частотой 6 месяцев.
2025-10-09 18:31:11,230 - DEBUG - Looking for jobs to run
2025-10-09 18:31:11,231 - DEBUG - Next wakeup is due at 2025-10-10 18:31:11.229117+05:00 (in 86399.998122 seconds)
2025-10-09 18:31:11,231 - WARNING - Таск для игры Satisfactory уже был создан ранее. Ложный вызов.
2025-10-09 18:31:11,231 - INFO - Added job "time_task_to_resave" to job store "default"
2025-10-09 18:31:11,231 - INFO - Создан таск для игры The Planet Crafter с частотой 4 недели.
2025-10-09 18:31:11,231 - DEBUG - Looking for jobs to run
2025-10-09 18:31:11,231 - DEBUG - Next wakeup is due at 2025-10-10 18:31:11.229117+05:00 (in 86399.997801 seconds)
2025-10-09 18:31:11,231 - WARNING - Таск для игры The Planet Crafter уже был создан ранее. Ложный вызов.
2025-10-09 18:31:11,231 - INFO - Added job "time_task_to_resave" to job store "default"
2025-10-09 18:31:11,231 - INFO - Создан таск для игры Voices of the Void с частотой 9 дней.
2025-10-09 18:31:11,231 - DEBUG - Looking for jobs to run
2025-10-09 18:31:11,231 - DEBUG - Next wakeup is due at 2025-10-10 18:31:11.229117+05:00 (in 86399.997480 seconds)
2025-10-09 18:31:11,231 - WARNING - Таск для игры Voices of the Void уже был создан ранее. Ложный вызов.
2025-10-09 18:31:11,233 - INFO - Процесс Atomic Heart запущен.
2025-10-09 18:31:11,233 - INFO - Процесс Cult Of The Lamb запущен.
2025-10-09 18:31:22,227 - INFO - Scheduler started
2025-10-09 18:31:22,227 - DEBUG - Looking for jobs to run
2025-10-09 18:31:22,227 - DEBUG - No jobs; waiting until a job is added
2025-10-09 18:31:22,229 - INFO - Added job "time_task_to_resave" to job store "default"
2025-10-09 18:31:22,229 - INFO - Создан таск для игры Atomic Heart с частотой 1 день.
2025-10-09 18:31:22,229 - DEBUG - Looking for jobs to run
2025-10-09 18:31:22,229 - DEBUG - Next wakeup is due at 2025-10-10 18:31:22.228942+05:00 (in 86399.999625 seconds)
2025-10-09 18:31:22,229 - WARNING - Таск для игры Atomic Heart уже был создан ранее. Ложный вызов.
2025-10-09 18:31:22,229 - INFO - Added job "time_task_to_resave" to job store "default"
2025-10-09 18:31:22,229 - INFO - Создан таск для игры Cult Of The Lamb с частотой 3 месяца.
2025-10-09 18:31:22,229 - DEBUG - Looking for jobs to run
2025-10-09 18:31:22,229 - DEBUG - Next wakeup is due at 2025-10-10 18:31:22.228942+05:00 (in 86399.999188 seconds)
2025-10-09 18:31:22,229 - WARNING - Таск для игры Cult Of The Lamb уже был создан ранее. Ложный вызов.
2025-10-09 18:31:22,230 - INFO - Added job "time_task_to_resave" to job store "default"
2025-10-09 18:31:22,230 - INFO - Создан таск для игры Elden Ring с частотой 3 дней.
2025-10-09 18:31:22,230 - DEBUG - Looking for jobs to run
2025-10-09 18:31:22,230 - DEBUG - Next wakeup is due at 2025-10-10 18:31:22.228942+05:00 (in 86399.998751 seconds)
2025-10-09 18:31:22,230 - WARNING - Таск для игры Elden Ring уже был создан ранее. Ложный вызов.
2025-10-09 18:31:22,230 - INFO - Added job "time_task_to_resave" to job store "default"
2025-10-09 18:31:22,230 - INFO - Создан таск для игры Horizon Zero Dawn с частотой 6 месяцев.
2025-10-09 18:31:22,230 - DEBUG - Looking for jobs to run
2025-10-09 18:31:22,230 - DEBUG - Next wakeup is due at 2025-10-10 18:31:22.228942+05:00 (in 86399.998398 seconds)
2025-10-09 18:31:22,230 - WARNING - Таск для игры Horizon Zero Dawn уже был создан ранее. Ложный вызов.
2025-10-09 18:31:22,230 - INFO - Added job "time_task_to_resave" to job store "default"
2025-10-09 18:31:22,230 - INFO - Создан таск для игры Satisfactory с частотой 6 месяцев.
2025-10-09 18:31:22,230 - DEBUG - Looking for jobs to run
2025-10-09 18:31:22,230 - DEBUG - Next wakeup is due at 2025-10-10 18:31:22.228942+05:00 (in 86399.997969 seconds)
2025-10-09 18:31:22,231 - WARNING - Таск для игры Satisfactory уже был создан ранее. Ложный вызов.
2025-10-09 18:31:22,231 - INFO - Added job "time_task_to_resave" to job store "default"
2025-10-09 18:31:22,231 - INFO - Создан таск для игры The Planet Crafter с частотой 4 недели.
2025-10-09 18:31:22,231 - DEBUG - Looking for jobs to run
2025-10-09 18:31:22,231 - DEBUG - Next wakeup is due at 2025-10-10 18:31:22.228942+05:00 (in 86399.997596 seconds)
2025-10-09 18:31:22,231 - WARNING - Таск для игры The Planet Crafter уже был создан ранее. Ложный вызов.
2025-10-09 18:31:22,231 - INFO - Added job "time_task_to_resave" to job store "default"
2025-10-09 18:31:22,231 - INFO - Создан таск для игры Voices of the Void с частотой 9 дней.
2025-10-09 18:31:22,231 - DEBUG - Looking for jobs to run
2025-10-09 18:31:22,231 - DEBUG - Next wakeup is due at 2025-10-10 18:31:22.228942+05:00 (in 86399.997263 seconds)
2025-10-09 18:31:22,231 - WARNING - Таск для игры Voices of the Void уже был создан ранее. Ложный вызов.
2025-10-09 18:31:22,233 - INFO - Процесс Atomic Heart запущен.
2025-10-09 18:31:22,233 - INFO - Процесс Cult Of The Lamb запущен.
2025-10-09 18:32:00,187 - INFO - Scheduler started
2025-10-09 18:32:00,187 - DEBUG - Looking for jobs to run
2025-10-09 18:32:00,187 - DEBUG - No jobs; waiting until a job is added
2025-10-09 18:32:00,189 - INFO - Added job "time_task_to_resave" to job store "default"
2025-10-09 18:32:00,189 - INFO - Создан таск для игры Atomic Heart с частотой 1 день.
2025-10-09 18:32:00,190 - DEBUG - Looking for jobs to run
2025-10-09 18:32:00,190 - DEBUG - Next wakeup is due at 2025-10-10 18:32:00.189762+05:00 (in 86399.999661 seconds)
2025-10-09 18:32:00,190 - WARNING - Таск для игры Atomic Heart уже был создан ранее. Ложный вызов.
2025-10-09 18:32:00,190 - INFO - Added job "time_task_to_resave" to job store "default"
2025-10-09 18:32:00,190 - INFO - Создан таск для игры Cult Of The Lamb с частотой 3 месяца.
2025-10-09 18:32:00,190 - DEBUG - Looking for jobs to run
2025-10-09 18:32:00,190 - DEBUG - Next wakeup is due at 2025-10-10 18:32:00.189762+05:00 (in 86399.999243 seconds)
2025-10-09 18:32:00,190 - WARNING - Таск для игры Cult Of The Lamb уже был создан ранее. Ложный вызов.
2025-10-09 18:32:00,190 - INFO - Added job "time_task_to_resave" to job store "default"
2025-10-09 18:32:00,190 - INFO - Создан таск для игры Elden Ring с частотой 3 дней.
2025-10-09 18:32:00,190 - DEBUG - Looking for jobs to run
2025-10-09 18:32:00,190 - DEBUG - Next wakeup is due at 2025-10-10 18:32:00.189762+05:00 (in 86399.998847 seconds)
2025-10-09 18:32:00,190 - WARNING - Таск для игры Elden Ring уже был создан ранее. Ложный вызов.
2025-10-09 18:32:00,191 - INFO - Added job "time_task_to_resave" to job store "default"
2025-10-09 18:32:00,191 - INFO - Создан таск для игры Horizon Zero Dawn с частотой 6 месяцев.
2025-10-09 18:32:00,191 - DEBUG - Looking for jobs to run
2025-10-09 18:32:00,191 - DEBUG - Next wakeup is due at 2025-10-10 18:32:00.189762+05:00 (in 86399.998503 seconds)
2025-10-09 18:32:00,191 - WARNING - Таск для игры Horizon Zero Dawn уже был создан ранее. Ложный вызов.
2025-10-09 18:32:00,191 - INFO - Added job "time_task_to_resave" to job store "default"
2025-10-09 18:32:00,191 - INFO - Создан таск для игры Satisfactory с частотой 6 месяцев.
2025-10-09 18:32:00,191 - DEBUG - Looking for jobs to run
2025-10-09 18:32:00,191 - DEBUG - Next wakeup is due at 2025-10-10 18:32:00.189762+05:00 (in 86399.998190 seconds)
2025-10-09 18:32:00,191 - WARNING - Таск для игры Satisfactory уже был создан ранее. Ложный вызов.
2025-10-09 18:32:00,191 - INFO - Added job "time_task_to_resave" to job store "default"
2025-10-09 18:32:00,191 - INFO - Создан таск для игры The Planet Crafter с частотой 4 недели.
2025-10-09 18:32:00,191 - DEBUG - Looking for jobs to run
2025-10-09 18:32:00,191 - DEBUG - Next wakeup is due at 2025-10-10 18:32:00.189762+05:00 (in 86399.997856 seconds)
2025-10-09 18:32:00,191 - WARNING - Таск для игры The Planet Crafter уже был создан ранее. Ложный вызов.
2025-10-09 18:32:00,192 - INFO - Added job "time_task_to_resave" to job store "default"
2025-10-09 18:32:00,192 - INFO - Создан таск для игры Voices of the Void с частотой 9 дней.
2025-10-09 18:32:00,192 - DEBUG - Looking for jobs to run
2025-10-09 18:32:00,192 - DEBUG - Next wakeup is due at 2025-10-10 18:32:00.189762+05:00 (in 86399.997525 seconds)
2025-10-09 18:32:00,192 - WARNING - Таск для игры Voices of the Void уже был создан ранее. Ложный вызов.
2025-10-09 18:32:00,194 - INFO - Процесс Atomic Heart запущен.
2025-10-09 18:32:00,194 - INFO - Процесс Cult Of The Lamb запущен.
2025-10-09 18:32:00,194 - INFO - Процесс Elden Ring запущен.
2025-10-09 18:32:00,194 - INFO - Процесс Horizon Zero Dawn запущен.
2025-10-09 18:32:00,194 - INFO - Процесс Satisfactory запущен.
2025-10-09 18:32:00,194 - INFO - Процесс The Planet Crafter запущен.
2025-10-09 18:32:00,194 - INFO - Процесс Voices of the Void запущен.
2025-10-09 18:32:00,196 - ERROR - Для игры Atomic Heart не указана директория с самой игрой!
2025-10-09 18:32:00,280 - INFO - Scheduler started
2025-10-09 18:32:00,280 - DEBUG - Using proactor: IocpProactor
2025-10-09 18:32:00,281 - DEBUG - Looking for jobs to run
2025-10-09 18:32:00,281 - DEBUG - No jobs; waiting until a job is added
2025-10-09 18:32:00,281 - INFO - Added job "time_task_to_resave" to job store "default"
2025-10-09 18:32:00,281 - INFO - Создан таск для игры Atomic Heart с частотой 1 день.
2025-10-09 18:32:00,281 - DEBUG - Looking for jobs to run
2025-10-09 18:32:00,281 - DEBUG - Next wakeup is due at 2025-10-10 18:32:00.189762+05:00 (in 86399.907958 seconds)
2025-10-09 18:32:00,281 - WARNING - Таск для игры Atomic Heart уже был создан ранее. Ложный вызов.
2025-10-09 18:32:00,282 - INFO - Added job "time_task_to_resave" to job store "default"
2025-10-09 18:32:00,282 - INFO - Начато наблюдение за программой: eldenring.exe
2025-10-09 18:32:00,282 - INFO - Создан таск для игры Cult Of The Lamb с частотой 3 месяца.
2025-10-09 18:32:00,282 - DEBUG - Looking for jobs to run
2025-10-09 18:32:00,342 - DEBUG - Next wakeup is due at 2025-10-10 18:32:00.189762+05:00 (in 86399.846868 seconds)
2025-10-09 18:32:00,343 - WARNING - Таск для игры Cult Of The Lamb уже был создан ранее. Ложный вызов.
2025-10-09 18:32:00,363 - INFO - Added job "time_task_to_resave" to job store "default"
2025-10-09 18:32:00,363 - INFO - Создан таск для игры Elden Ring с частотой 3 дней.
2025-10-09 18:32:00,363 - DEBUG - Looking for jobs to run
2025-10-09 18:32:00,364 - DEBUG - Next wakeup is due at 2025-10-10 18:32:00.189762+05:00 (in 86399.825633 seconds)
2025-10-09 18:32:00,374 - WARNING - Таск для игры Elden Ring уже был создан ранее. Ложный вызов.
2025-10-09 18:32:00,374 - INFO - Added job "time_task_to_resave" to job store "default"
2025-10-09 18:32:00,374 - INFO - Создан таск для игры Horizon Zero Dawn с частотой 6 месяцев.
2025-10-09 18:32:00,374 - DEBUG - Looking for jobs to run
2025-10-09 18:32:00,375 - DEBUG - Next wakeup is due at 2025-10-10 18:32:00.189762+05:00 (in 86399.814657 seconds)
2025-10-09 18:32:00,375 - WARNING - Таск для игры Horizon Zero Dawn уже был создан ранее. Ложный вызов.
2025-10-09 18:32:00,375 - INFO - Added job "time_task_to_resave" to job store "default"
2025-10-09 18:32:00,375 - INFO - Создан таск для игры Satisfactory с частотой 6 месяцев.
2025-10-09 18:32:00,375 - DEBUG - Looking for jobs to run
2025-10-09 18:32:00,386 - DEBUG - Next wakeup is due at 2025-10-10 18:32:00.189762+05:00 (in 86399.803043 seconds)
2025-10-09 18:32:00,386 - WARNING - Таск для игры Satisfactory уже был создан ранее. Ложный вызов.
2025-10-09 18:32:00,397 - INFO - Added job "time_task_to_resave" to job store "default"
2025-10-09 18:32:00,397 - INFO - Создан таск для игры The Planet Crafter с частотой 4 недели.
2025-10-09 18:32:00,397 - DEBUG - Looking for jobs to run
2025-10-09 18:32:00,407 - DEBUG - Next wakeup is due at 2025-10-10 18:32:00.189762+05:00 (in 86399.782477 seconds)
2025-10-09 18:32:00,407 - WARNING - Таск для игры The Planet Crafter уже был создан ранее. Ложный вызов.
2025-10-09 18:32:00,407 - INFO - Added job "time_task_to_resave" to job store "default"
2025-10-09 18:32:00,407 - INFO - Создан таск для игры Voices of the Void с частотой 9 дней.
2025-10-09 18:32:00,407 - DEBUG - Looking for jobs to run
2025-10-09 18:32:00,418 - DEBUG - Next wakeup is due at 2025-10-10 18:32:00.189762+05:00 (in 86399.771753 seconds)
2025-10-09 18:32:00,418 - WARNING - Таск для игры Voices of the Void уже был создан ранее. Ложный вызов.
2025-10-09 18:32:00,418 - INFO - Процесс Atomic Heart запущен.
2025-10-09 18:32:00,428 - INFO - Процесс Cult Of The Lamb запущен.
2025-10-09 18:32:00,438 - INFO - Процесс Elden Ring запущен.
2025-10-09 18:32:00,449 - INFO - Процесс Horizon Zero Dawn запущен.
2025-10-09 18:32:00,459 - INFO - Процесс Satisfactory запущен.
2025-10-09 18:32:00,470 - INFO - Процесс The Planet Crafter запущен.
2025-10-09 18:32:00,480 - INFO - Процесс Voices of the Void запущен.
2025-10-09 18:32:03,242 - INFO - Начато наблюдение за программой: start_protected_game.exe
2025-10-09 18:32:03,302 - INFO - Начато наблюдение за программой: Planet Crafter.exe
2025-10-09 18:32:03,358 - INFO - Начато наблюдение за программой: UnityCrashHandler64.exe
2025-10-09 18:32:03,414 - INFO - Начато наблюдение за программой: FactoryGameSteam.exe
2025-10-09 18:32:03,468 - INFO - Начато наблюдение за программой: HorizonZeroDawn.exe
2025-10-09 18:32:03,522 - INFO - Начато наблюдение за программой: Cult Of The Lamb.exe
2025-10-09 18:32:03,582 - INFO - Начато наблюдение за программой: UnityCrashHandler64.exe
2025-10-09 18:32:03,683 - INFO - Начато наблюдение за программой: VotV.exe
2025-10-09 18:32:50,039 - INFO - Scheduler started
2025-10-09 18:32:50,040 - DEBUG - Looking for jobs to run
2025-10-09 18:32:50,040 - DEBUG - No jobs; waiting until a job is added
2025-10-09 18:32:50,042 - INFO - Added job "time_task_to_resave" to job store "default"
2025-10-09 18:32:50,042 - INFO - Создан таск для игры Atomic Heart с частотой 1 день.
2025-10-09 18:32:50,042 - DEBUG - Looking for jobs to run
2025-10-09 18:32:50,042 - DEBUG - Next wakeup is due at 2025-10-10 18:32:50.042107+05:00 (in 86399.999665 seconds)
2025-10-09 18:32:50,042 - WARNING - Таск для игры Atomic Heart уже был создан ранее. Ложный вызов.
2025-10-09 18:32:50,042 - INFO - Added job "time_task_to_resave" to job store "default"
2025-10-09 18:32:50,042 - INFO - Создан таск для игры Cult Of The Lamb с частотой 3 месяца.
2025-10-09 18:32:50,042 - DEBUG - Looking for jobs to run
2025-10-09 18:32:50,043 - DEBUG - Next wakeup is due at 2025-10-10 18:32:50.042107+05:00 (in 86399.999008 seconds)
2025-10-09 18:32:50,043 - WARNING - Таск для игры Cult Of The Lamb уже был создан ранее. Ложный вызов.
2025-10-09 18:32:50,043 - INFO - Added job "time_task_to_resave" to job store "default"
2025-10-09 18:32:50,043 - INFO - Создан таск для игры Elden Ring с частотой 3 дней.
2025-10-09 18:32:50,043 - DEBUG - Looking for jobs to run
2025-10-09 18:32:50,043 - DEBUG - Next wakeup is due at 2025-10-10 18:32:50.042107+05:00 (in 86399.998477 seconds)
2025-10-09 18:32:50,043 - WARNING - Таск для игры Elden Ring уже был создан ранее. Ложный вызов.
2025-10-09 18:32:50,043 - INFO - Added job "time_task_to_resave" to job store "default"
2025-10-09 18:32:50,043 - INFO - Создан таск для игры Horizon Zero Dawn с частотой 6 месяцев.
2025-10-09 18:32:50,044 - DEBUG - Looking for jobs to run
2025-10-09 18:32:50,044 - DEBUG - Next wakeup is due at 2025-10-10 18:32:50.042107+05:00 (in 86399.998033 seconds)
2025-10-09 18:32:50,044 - WARNING - Таск для игры Horizon Zero Dawn уже был создан ранее. Ложный вызов.
2025-10-09 18:32:50,044 - INFO - Added job "time_task_to_resave" to job store "default"
2025-10-09 18:32:50,044 - INFO - Создан таск для игры Satisfactory с частотой 6 месяцев.
2025-10-09 18:32:50,044 - DEBUG - Looking for jobs to run
2025-10-09 18:32:50,044 - DEBUG - Next wakeup is due at 2025-10-10 18:32:50.042107+05:00 (in 86399.997524 seconds)
2025-10-09 18:32:50,044 - WARNING - Таск для игры Satisfactory уже был создан ранее. Ложный вызов.
2025-10-09 18:32:50,044 - INFO - Added job "time_task_to_resave" to job store "default"
2025-10-09 18:32:50,044 - INFO - Создан таск для игры The Planet Crafter с частотой 4 недели.
2025-10-09 18:32:50,044 - DEBUG - Looking for jobs to run
2025-10-09 18:32:50,045 - DEBUG - Next wakeup is due at 2025-10-10 18:32:50.042107+05:00 (in 86399.997108 seconds)
2025-10-09 18:32:50,045 - WARNING - Таск для игры The Planet Crafter уже был создан ранее. Ложный вызов.
2025-10-09 18:32:50,045 - INFO - Added job "time_task_to_resave" to job store "default"
2025-10-09 18:32:50,045 - INFO - Создан таск для игры Voices of the Void с частотой 9 дней.
2025-10-09 18:32:50,045 - DEBUG - Looking for jobs to run
2025-10-09 18:32:50,045 - DEBUG - Next wakeup is due at 2025-10-10 18:32:50.042107+05:00 (in 86399.996653 seconds)
2025-10-09 18:32:50,045 - WARNING - Таск для игры Voices of the Void уже был создан ранее. Ложный вызов.
2025-10-09 18:32:50,047 - INFO - Процесс Atomic Heart запущен.
2025-10-09 18:32:50,047 - INFO - Процесс Cult Of The Lamb запущен.
2025-10-09 18:33:39,285 - INFO - Scheduler started
2025-10-09 18:33:39,286 - DEBUG - Looking for jobs to run
2025-10-09 18:33:39,286 - DEBUG - No jobs; waiting until a job is added
2025-10-09 18:33:39,288 - INFO - Added job "time_task_to_resave" to job store "default"
2025-10-09 18:33:39,288 - INFO - Создан таск для игры Atomic Heart с частотой 1 день.
2025-10-09 18:33:39,288 - DEBUG - Looking for jobs to run
2025-10-09 18:33:39,288 - DEBUG - Next wakeup is due at 2025-10-10 18:33:39.288136+05:00 (in 86399.999664 seconds)
2025-10-09 18:33:39,288 - WARNING - Таск для игры Atomic Heart уже был создан ранее. Ложный вызов.
2025-10-09 18:33:39,288 - INFO - Added job "time_task_to_resave" to job store "default"
2025-10-09 18:33:39,288 - INFO - Создан таск для игры Cult Of The Lamb с частотой 3 месяца.
2025-10-09 18:33:39,288 - DEBUG - Looking for jobs to run
2025-10-09 18:33:39,289 - DEBUG - Next wakeup is due at 2025-10-10 18:33:39.288136+05:00 (in 86399.999144 seconds)
2025-10-09 18:33:39,289 - WARNING - Таск для игры Cult Of The Lamb уже был создан ранее. Ложный вызов.
2025-10-09 18:33:39,289 - INFO - Added job "time_task_to_resave" to job store "default"
2025-10-09 18:33:39,289 - INFO - Создан таск для игры Elden Ring с частотой 3 дней.
2025-10-09 18:33:39,289 - DEBUG - Looking for jobs to run
2025-10-09 18:33:39,289 - DEBUG - Next wakeup is due at 2025-10-10 18:33:39.288136+05:00 (in 86399.998724 seconds)
2025-10-09 18:33:39,289 - WARNING - Таск для игры Elden Ring уже был создан ранее. Ложный вызов.
2025-10-09 18:33:39,289 - INFO - Added job "time_task_to_resave" to job store "default"
2025-10-09 18:33:39,289 - INFO - Создан таск для игры Horizon Zero Dawn с частотой 6 месяцев.
2025-10-09 18:33:39,289 - DEBUG - Looking for jobs to run
2025-10-09 18:33:39,289 - DEBUG - Next wakeup is due at 2025-10-10 18:33:39.288136+05:00 (in 86399.998394 seconds)
2025-10-09 18:33:39,289 - WARNING - Таск для игры Horizon Zero Dawn уже был создан ранее. Ложный вызов.
2025-10-09 18:33:39,289 - INFO - Added job "time_task_to_resave" to job store "default"
2025-10-09 18:33:39,289 - INFO - Создан таск для игры Satisfactory с частотой 6 месяцев.
2025-10-09 18:33:39,289 - DEBUG - Looking for jobs to run
2025-10-09 18:33:39,290 - DEBUG - Next wakeup is due at 2025-10-10 18:33:39.288136+05:00 (in 86399.998084 seconds)
2025-10-09 18:33:39,290 - WARNING - Таск для игры Satisfactory уже был создан ранее. Ложный вызов.
2025-10-09 18:33:39,290 - INFO - Added job "time_task_to_resave" to job store "default"
2025-10-09 18:33:39,290 - INFO - Создан таск для игры The Planet Crafter с частотой 4 недели.
2025-10-09 18:33:39,290 - DEBUG - Looking for jobs to run
2025-10-09 18:33:39,290 - DEBUG - Next wakeup is due at 2025-10-10 18:33:39.288136+05:00 (in 86399.997775 seconds)
2025-10-09 18:33:39,290 - WARNING - Таск для игры The Planet Crafter уже был создан ранее. Ложный вызов.
2025-10-09 18:33:39,290 - INFO - Added job "time_task_to_resave" to job store "default"
2025-10-09 18:33:39,290 - INFO - Создан таск для игры Voices of the Void с частотой 9 дней.
2025-10-09 18:33:39,290 - DEBUG - Looking for jobs to run
2025-10-09 18:33:39,290 - DEBUG - Next wakeup is due at 2025-10-10 18:33:39.288136+05:00 (in 86399.997466 seconds)
2025-10-09 18:33:39,290 - WARNING - Таск для игры Voices of the Void уже был создан ранее. Ложный вызов.
2025-10-09 18:33:39,292 - INFO - Процесс Atomic Heart запущен.
2025-10-09 18:33:39,292 - INFO - Процесс Cult Of The Lamb запущен.
2025-10-09 18:33:39,292 - INFO - Процесс Elden Ring запущен.
2025-10-09 18:33:39,292 - INFO - Процесс Horizon Zero Dawn запущен.
2025-10-09 18:33:39,292 - INFO - Процесс Satisfactory запущен.
2025-10-09 18:33:39,292 - INFO - Процесс The Planet Crafter запущен.
2025-10-09 18:33:39,292 - INFO - Процесс Voices of the Void запущен.
2025-10-09 18:33:39,294 - ERROR - Для игры Atomic Heart не указана директория с самой игрой!
2025-10-09 18:33:39,354 - DEBUG - Using proactor: IocpProactor
2025-10-09 18:33:39,354 - INFO - Scheduler started
2025-10-09 18:33:39,355 - DEBUG - Looking for jobs to run
2025-10-09 18:33:39,355 - DEBUG - No jobs; waiting until a job is added
2025-10-09 18:33:39,355 - INFO - Added job "time_task_to_resave" to job store "default"
2025-10-09 18:33:39,355 - INFO - Создан таск для игры Atomic Heart с частотой 1 день.
2025-10-09 18:33:39,355 - DEBUG - Looking for jobs to run
2025-10-09 18:33:39,356 - DEBUG - Next wakeup is due at 2025-10-10 18:33:39.288136+05:00 (in 86399.932076 seconds)
2025-10-09 18:33:39,356 - INFO - Начато наблюдение за программой: eldenring.exe
2025-10-09 18:33:39,379 - WARNING - Таск для игры Atomic Heart уже был создан ранее. Ложный вызов.
2025-10-09 18:33:39,420 - INFO - Added job "time_task_to_resave" to job store "default"
2025-10-09 18:33:39,420 - INFO - Создан таск для игры Cult Of The Lamb с частотой 3 месяца.
2025-10-09 18:33:39,420 - DEBUG - Looking for jobs to run
2025-10-09 18:33:39,420 - DEBUG - Next wakeup is due at 2025-10-10 18:33:39.288136+05:00 (in 86399.867433 seconds)
2025-10-09 18:33:39,420 - WARNING - Таск для игры Cult Of The Lamb уже был создан ранее. Ложный вызов.
2025-10-09 18:33:39,420 - INFO - Added job "time_task_to_resave" to job store "default"
2025-10-09 18:33:39,431 - INFO - Создан таск для игры Elden Ring с частотой 3 дней.
2025-10-09 18:33:39,431 - DEBUG - Looking for jobs to run
2025-10-09 18:33:39,431 - DEBUG - Next wakeup is due at 2025-10-10 18:33:39.288136+05:00 (in 86399.856658 seconds)
2025-10-09 18:33:39,431 - WARNING - Таск для игры Elden Ring уже был создан ранее. Ложный вызов.
2025-10-09 18:33:39,441 - INFO - Added job "time_task_to_resave" to job store "default"
2025-10-09 18:33:39,441 - INFO - Создан таск для игры Horizon Zero Dawn с частотой 6 месяцев.
2025-10-09 18:33:39,441 - DEBUG - Looking for jobs to run
2025-10-09 18:33:39,441 - DEBUG - Next wakeup is due at 2025-10-10 18:33:39.288136+05:00 (in 86399.846489 seconds)
2025-10-09 18:33:39,441 - WARNING - Таск для игры Horizon Zero Dawn уже был создан ранее. Ложный вызов.
2025-10-09 18:33:39,441 - INFO - Added job "time_task_to_resave" to job store "default"
2025-10-09 18:33:39,441 - INFO - Создан таск для игры Satisfactory с частотой 6 месяцев.
2025-10-09 18:33:39,442 - DEBUG - Looking for jobs to run
2025-10-09 18:33:39,442 - WARNING - Таск для игры Satisfactory уже был создан ранее. Ложный вызов.
2025-10-09 18:33:39,452 - DEBUG - Next wakeup is due at 2025-10-10 18:33:39.288136+05:00 (in 86399.835450 seconds)
2025-10-09 18:33:39,453 - INFO - Added job "time_task_to_resave" to job store "default"
2025-10-09 18:33:39,463 - INFO - Создан таск для игры The Planet Crafter с частотой 4 недели.
2025-10-09 18:33:39,463 - DEBUG - Looking for jobs to run
2025-10-09 18:33:39,473 - DEBUG - Next wakeup is due at 2025-10-10 18:33:39.288136+05:00 (in 86399.814219 seconds)
2025-10-09 18:33:39,474 - WARNING - Таск для игры The Planet Crafter уже был создан ранее. Ложный вызов.
2025-10-09 18:33:39,484 - INFO - Added job "time_task_to_resave" to job store "default"
2025-10-09 18:33:39,484 - INFO - Создан таск для игры Voices of the Void с частотой 9 дней.
2025-10-09 18:33:39,494 - DEBUG - Looking for jobs to run
2025-10-09 18:33:39,494 - DEBUG - Next wakeup is due at 2025-10-10 18:33:39.288136+05:00 (in 86399.793764 seconds)
2025-10-09 18:33:39,494 - WARNING - Таск для игры Voices of the Void уже был создан ранее. Ложный вызов.
2025-10-09 18:33:39,494 - INFO - Процесс Atomic Heart запущен.
2025-10-09 18:33:39,515 - INFO - Процесс Cult Of The Lamb запущен.
2025-10-09 18:33:39,516 - INFO - Процесс Elden Ring запущен.
2025-10-09 18:33:39,525 - INFO - Процесс Horizon Zero Dawn запущен.
2025-10-09 18:33:39,526 - INFO - Процесс Satisfactory запущен.
2025-10-09 18:33:39,537 - INFO - Процесс The Planet Crafter запущен.
2025-10-09 18:33:39,548 - INFO - Процесс Voices of the Void запущен.
2025-10-09 18:33:42,077 - INFO - Начато наблюдение за программой: start_protected_game.exe
2025-10-09 18:33:42,137 - INFO - Начато наблюдение за программой: Planet Crafter.exe
2025-10-09 18:33:42,197 - INFO - Начато наблюдение за программой: UnityCrashHandler64.exe
2025-10-09 18:33:42,254 - INFO - Начато наблюдение за программой: FactoryGameSteam.exe
2025-10-09 18:33:42,310 - INFO - Начато наблюдение за программой: HorizonZeroDawn.exe
2025-10-09 18:33:42,363 - INFO - Начато наблюдение за программой: Cult Of The Lamb.exe
2025-10-09 18:33:42,419 - INFO - Начато наблюдение за программой: UnityCrashHandler64.exe
2025-10-09 18:33:42,477 - INFO - Начато наблюдение за программой: VotV.exe
2025-10-09 18:51:35,639 - INFO - Scheduler started
2025-10-09 18:51:35,639 - DEBUG - Looking for jobs to run
2025-10-09 18:51:35,639 - DEBUG - No jobs; waiting until a job is added
2025-10-09 18:51:35,642 - INFO - Added job "time_task_to_resave" to job store "default"
2025-10-09 18:51:35,642 - INFO - Создан таск для игры Atomic Heart с частотой 1 день.
2025-10-09 18:51:35,642 - DEBUG - Looking for jobs to run
2025-10-09 18:51:35,642 - DEBUG - Next wakeup is due at 2025-10-10 18:51:35.642421+05:00 (in 86399.999642 seconds)
2025-10-09 18:51:35,642 - WARNING - Таск для игры Atomic Heart уже был создан ранее. Ложный вызов.
2025-10-09 18:51:35,643 - INFO - Added job "time_task_to_resave" to job store "default"
2025-10-09 18:51:35,643 - INFO - Создан таск для игры Cult Of The Lamb с частотой 3 месяца.
2025-10-09 18:51:35,643 - DEBUG - Looking for jobs to run
2025-10-09 18:51:35,643 - DEBUG - Next wakeup is due at 2025-10-10 18:51:35.642421+05:00 (in 86399.999196 seconds)
2025-10-09 18:51:35,643 - WARNING - Таск для игры Cult Of The Lamb уже был создан ранее. Ложный вызов.
2025-10-09 18:51:35,643 - INFO - Added job "time_task_to_resave" to job store "default"
2025-10-09 18:51:35,643 - INFO - Создан таск для игры Elden Ring с частотой 3 дней.
2025-10-09 18:51:35,643 - DEBUG - Looking for jobs to run
2025-10-09 18:51:35,643 - DEBUG - Next wakeup is due at 2025-10-10 18:51:35.642421+05:00 (in 86399.998708 seconds)
2025-10-09 18:51:35,643 - WARNING - Таск для игры Elden Ring уже был создан ранее. Ложный вызов.
2025-10-09 18:51:35,643 - INFO - Added job "time_task_to_resave" to job store "default"
2025-10-09 18:51:35,643 - INFO - Создан таск для игры Horizon Zero Dawn с частотой 6 месяцев.
2025-10-09 18:51:35,644 - DEBUG - Looking for jobs to run
2025-10-09 18:51:35,644 - DEBUG - Next wakeup is due at 2025-10-10 18:51:35.642421+05:00 (in 86399.998336 seconds)
2025-10-09 18:51:35,644 - WARNING - Таск для игры Horizon Zero Dawn уже был создан ранее. Ложный вызов.
2025-10-09 18:51:35,644 - INFO - Added job "time_task_to_resave" to job store "default"
2025-10-09 18:51:35,644 - INFO - Создан таск для игры Satisfactory с частотой 6 месяцев.
2025-10-09 18:51:35,644 - DEBUG - Looking for jobs to run
2025-10-09 18:51:35,644 - DEBUG - Next wakeup is due at 2025-10-10 18:51:35.642421+05:00 (in 86399.997976 seconds)
2025-10-09 18:51:35,644 - WARNING - Таск для игры Satisfactory уже был создан ранее. Ложный вызов.
2025-10-09 18:51:35,644 - INFO - Added job "time_task_to_resave" to job store "default"
2025-10-09 18:51:35,644 - INFO - Создан таск для игры The Planet Crafter с частотой 4 недели.
2025-10-09 18:51:35,644 - DEBUG - Looking for jobs to run
2025-10-09 18:51:35,644 - DEBUG - Next wakeup is due at 2025-10-10 18:51:35.642421+05:00 (in 86399.997651 seconds)
2025-10-09 18:51:35,644 - WARNING - Таск для игры The Planet Crafter уже был создан ранее. Ложный вызов.
2025-10-09 18:51:35,644 - INFO - Added job "time_task_to_resave" to job store "default"
2025-10-09 18:51:35,644 - INFO - Создан таск для игры Voices of the Void с частотой 9 дней.
2025-10-09 18:51:35,645 - DEBUG - Looking for jobs to run
2025-10-09 18:51:35,645 - DEBUG - Next wakeup is due at 2025-10-10 18:51:35.642421+05:00 (in 86399.997343 seconds)
2025-10-09 18:51:35,645 - WARNING - Таск для игры Voices of the Void уже был создан ранее. Ложный вызов.
2025-10-09 18:51:35,647 - INFO - Процесс Atomic Heart запущен.
2025-10-09 18:51:35,647 - INFO - Процесс Cult Of The Lamb запущен.
2025-10-09 18:51:35,647 - INFO - Процесс Elden Ring запущен.
2025-10-09 18:51:35,647 - INFO - Процесс Horizon Zero Dawn запущен.
2025-10-09 18:51:35,647 - INFO - Процесс Satisfactory запущен.
2025-10-09 18:51:35,647 - INFO - Процесс The Planet Crafter запущен.
2025-10-09 18:51:35,647 - INFO - Процесс Voices of the Void запущен.
2025-10-09 18:51:35,648 - ERROR - Для игры Atomic Heart не указана директория с самой игрой!
2025-10-09 18:51:35,901 - DEBUG - Using proactor: IocpProactor
2025-10-09 18:51:35,901 - INFO - Scheduler started
2025-10-09 18:51:35,901 - DEBUG - Looking for jobs to run
2025-10-09 18:51:35,901 - DEBUG - No jobs; waiting until a job is added
2025-10-09 18:51:35,902 - INFO - Added job "time_task_to_resave" to job store "default"
2025-10-09 18:51:35,902 - INFO - Создан таск для игры Atomic Heart с частотой 1 день.
2025-10-09 18:51:35,902 - DEBUG - Looking for jobs to run
2025-10-09 18:51:35,902 - DEBUG - Next wakeup is due at 2025-10-10 18:51:35.642421+05:00 (in 86399.739990 seconds)
2025-10-09 18:51:35,902 - WARNING - Таск для игры Atomic Heart уже был создан ранее. Ложный вызов.
2025-10-09 18:51:35,902 - INFO - Начато наблюдение за программой: eldenring.exe
2025-10-09 18:51:35,902 - INFO - Added job "time_task_to_resave" to job store "default"
2025-10-09 18:51:35,932 - INFO - Создан таск для игры Cult Of The Lamb с частотой 3 месяца.
2025-10-09 18:51:35,942 - DEBUG - Looking for jobs to run
2025-10-09 18:51:35,962 - WARNING - Таск для игры Cult Of The Lamb уже был создан ранее. Ложный вызов.
2025-10-09 18:51:35,962 - DEBUG - Next wakeup is due at 2025-10-10 18:51:35.642421+05:00 (in 86399.679996 seconds)
2025-10-09 18:51:35,972 - INFO - Added job "time_task_to_resave" to job store "default"
2025-10-09 18:51:35,972 - INFO - Создан таск для игры Elden Ring с частотой 3 дней.
2025-10-09 18:51:35,972 - DEBUG - Looking for jobs to run
2025-10-09 18:51:35,983 - DEBUG - Next wakeup is due at 2025-10-10 18:51:35.642421+05:00 (in 86399.659320 seconds)
2025-10-09 18:51:35,983 - WARNING - Таск для игры Elden Ring уже был создан ранее. Ложный вызов.
2025-10-09 18:51:35,993 - INFO - Added job "time_task_to_resave" to job store "default"
2025-10-09 18:51:35,993 - INFO - Создан таск для игры Horizon Zero Dawn с частотой 6 месяцев.
2025-10-09 18:51:35,993 - DEBUG - Looking for jobs to run
2025-10-09 18:51:35,993 - WARNING - Таск для игры Horizon Zero Dawn уже был создан ранее. Ложный вызов.
2025-10-09 18:51:35,993 - DEBUG - Next wakeup is due at 2025-10-10 18:51:35.642421+05:00 (in 86399.648666 seconds)
2025-10-09 18:51:35,993 - INFO - Added job "time_task_to_resave" to job store "default"
2025-10-09 18:51:36,004 - INFO - Создан таск для игры Satisfactory с частотой 6 месяцев.
2025-10-09 18:51:36,004 - DEBUG - Looking for jobs to run
2025-10-09 18:51:36,004 - DEBUG - Next wakeup is due at 2025-10-10 18:51:35.642421+05:00 (in 86399.637941 seconds)
2025-10-09 18:51:36,014 - WARNING - Таск для игры Satisfactory уже был создан ранее. Ложный вызов.
2025-10-09 18:51:36,025 - INFO - Added job "time_task_to_resave" to job store "default"
2025-10-09 18:51:36,025 - INFO - Создан таск для игры The Planet Crafter с частотой 4 недели.
2025-10-09 18:51:36,025 - DEBUG - Looking for jobs to run
2025-10-09 18:51:36,035 - DEBUG - Next wakeup is due at 2025-10-10 18:51:35.642421+05:00 (in 86399.607044 seconds)
2025-10-09 18:51:36,035 - WARNING - Таск для игры The Planet Crafter уже был создан ранее. Ложный вызов.
2025-10-09 18:51:36,035 - INFO - Added job "time_task_to_resave" to job store "default"
2025-10-09 18:51:36,045 - INFO - Создан таск для игры Voices of the Void с частотой 9 дней.
2025-10-09 18:51:36,045 - DEBUG - Looking for jobs to run
2025-10-09 18:51:36,056 - DEBUG - Next wakeup is due at 2025-10-10 18:51:35.642421+05:00 (in 86399.586378 seconds)
2025-10-09 18:51:36,056 - WARNING - Таск для игры Voices of the Void уже был создан ранее. Ложный вызов.
2025-10-09 18:51:36,066 - INFO - Процесс Atomic Heart запущен.
2025-10-09 18:51:36,077 - INFO - Процесс Cult Of The Lamb запущен.
2025-10-09 18:51:36,088 - INFO - Процесс Elden Ring запущен.
2025-10-09 18:51:36,098 - INFO - Процесс Horizon Zero Dawn запущен.
2025-10-09 18:51:36,098 - INFO - Процесс Satisfactory запущен.
2025-10-09 18:51:36,108 - INFO - Процесс The Planet Crafter запущен.
2025-10-09 18:51:36,119 - INFO - Процесс Voices of the Void запущен.
2025-10-09 18:51:38,790 - INFO - Начато наблюдение за программой: start_protected_game.exe
2025-10-09 18:51:38,846 - INFO - Начато наблюдение за программой: Planet Crafter.exe
2025-10-09 18:51:38,902 - INFO - Начато наблюдение за программой: UnityCrashHandler64.exe
2025-10-09 18:51:38,956 - INFO - Начато наблюдение за программой: FactoryGameSteam.exe
2025-10-09 18:51:39,007 - INFO - Начато наблюдение за программой: HorizonZeroDawn.exe
2025-10-09 18:51:39,084 - INFO - Начато наблюдение за программой: Cult Of The Lamb.exe
2025-10-09 18:51:39,145 - INFO - Начато наблюдение за программой: UnityCrashHandler64.exe
2025-10-09 18:51:39,197 - INFO - Начато наблюдение за программой: VotV.exe
2025-10-09 18:52:40,435 - INFO - Scheduler started
2025-10-09 18:52:40,435 - DEBUG - Looking for jobs to run
2025-10-09 18:52:40,435 - DEBUG - No jobs; waiting until a job is added
2025-10-09 18:52:40,437 - INFO - Added job "time_task_to_resave" to job store "default"
2025-10-09 18:52:40,437 - INFO - Создан таск для игры Atomic Heart с частотой 1 день.
2025-10-09 18:52:40,437 - DEBUG - Looking for jobs to run
2025-10-09 18:52:40,437 - DEBUG - Next wakeup is due at 2025-10-10 18:52:40.437614+05:00 (in 86399.999658 seconds)
2025-10-09 18:52:40,438 - WARNING - Таск для игры Atomic Heart уже был создан ранее. Ложный вызов.
2025-10-09 18:52:40,438 - INFO - Added job "time_task_to_resave" to job store "default"
2025-10-09 18:52:40,438 - INFO - Создан таск для игры Cult Of The Lamb с частотой 3 месяца.
2025-10-09 18:52:40,438 - DEBUG - Looking for jobs to run
2025-10-09 18:52:40,438 - DEBUG - Next wakeup is due at 2025-10-10 18:52:40.437614+05:00 (in 86399.999217 seconds)
2025-10-09 18:52:40,438 - WARNING - Таск для игры Cult Of The Lamb уже был создан ранее. Ложный вызов.
2025-10-09 18:52:40,438 - INFO - Added job "time_task_to_resave" to job store "default"
2025-10-09 18:52:40,438 - INFO - Создан таск для игры Elden Ring с частотой 3 дней.
2025-10-09 18:52:40,438 - DEBUG - Looking for jobs to run
2025-10-09 18:52:40,438 - DEBUG - Next wakeup is due at 2025-10-10 18:52:40.437614+05:00 (in 86399.998854 seconds)
2025-10-09 18:52:40,438 - WARNING - Таск для игры Elden Ring уже был создан ранее. Ложный вызов.
2025-10-09 18:52:40,438 - INFO - Added job "time_task_to_resave" to job store "default"
2025-10-09 18:52:40,438 - INFO - Создан таск для игры Horizon Zero Dawn с частотой 6 месяцев.
2025-10-09 18:52:40,439 - DEBUG - Looking for jobs to run
2025-10-09 18:52:40,439 - DEBUG - Next wakeup is due at 2025-10-10 18:52:40.437614+05:00 (in 86399.998524 seconds)
2025-10-09 18:52:40,439 - WARNING - Таск для игры Horizon Zero Dawn уже был создан ранее. Ложный вызов.
2025-10-09 18:52:40,439 - INFO - Added job "time_task_to_resave" to job store "default"
2025-10-09 18:52:40,439 - INFO - Создан таск для игры Satisfactory с частотой 6 месяцев.
2025-10-09 18:52:40,439 - DEBUG - Looking for jobs to run
2025-10-09 18:52:40,439 - DEBUG - Next wakeup is due at 2025-10-10 18:52:40.437614+05:00 (in 86399.998210 seconds)
2025-10-09 18:52:40,439 - WARNING - Таск для игры Satisfactory уже был создан ранее. Ложный вызов.
2025-10-09 18:52:40,439 - INFO - Added job "time_task_to_resave" to job store "default"
2025-10-09 18:52:40,439 - INFO - Создан таск для игры The Planet Crafter с частотой 4 недели.
2025-10-09 18:52:40,439 - DEBUG - Looking for jobs to run
2025-10-09 18:52:40,439 - DEBUG - Next wakeup is due at 2025-10-10 18:52:40.437614+05:00 (in 86399.997899 seconds)
2025-10-09 18:52:40,439 - WARNING - Таск для игры The Planet Crafter уже был создан ранее. Ложный вызов.
2025-10-09 18:52:40,439 - INFO - Added job "time_task_to_resave" to job store "default"
2025-10-09 18:52:40,439 - INFO - Создан таск для игры Voices of the Void с частотой 9 дней.
2025-10-09 18:52:40,439 - DEBUG - Looking for jobs to run
2025-10-09 18:52:40,440 - DEBUG - Next wakeup is due at 2025-10-10 18:52:40.437614+05:00 (in 86399.997591 seconds)
2025-10-09 18:52:40,440 - WARNING - Таск для игры Voices of the Void уже был создан ранее. Ложный вызов.
2025-10-09 18:52:40,441 - INFO - Процесс Atomic Heart запущен.
2025-10-09 18:52:40,441 - INFO - Процесс Cult Of The Lamb запущен.
2025-10-09 18:52:40,442 - INFO - Процесс Elden Ring запущен.
2025-10-09 18:52:40,442 - INFO - Процесс Horizon Zero Dawn запущен.
2025-10-09 18:52:40,442 - INFO - Процесс Satisfactory запущен.
2025-10-09 18:52:40,442 - INFO - Процесс The Planet Crafter запущен.
2025-10-09 18:52:40,442 - INFO - Процесс Voices of the Void запущен.
2025-10-09 18:52:40,443 - ERROR - Для игры Atomic Heart не указана директория с самой игрой!
2025-10-09 18:52:40,504 - DEBUG - Using proactor: IocpProactor
2025-10-09 18:52:40,504 - INFO - Scheduler started
2025-10-09 18:52:40,504 - DEBUG - Looking for jobs to run
2025-10-09 18:52:40,504 - DEBUG - No jobs; waiting until a job is added
2025-10-09 18:52:40,505 - INFO - Added job "time_task_to_resave" to job store "default"
2025-10-09 18:52:40,505 - INFO - Создан таск для игры Atomic Heart с частотой 1 день.
2025-10-09 18:52:40,505 - DEBUG - Looking for jobs to run
2025-10-09 18:52:40,505 - DEBUG - Next wakeup is due at 2025-10-10 18:52:40.437614+05:00 (in 86399.932255 seconds)
2025-10-09 18:52:40,505 - WARNING - Таск для игры Atomic Heart уже был создан ранее. Ложный вызов.
2025-10-09 18:52:40,505 - INFO - Added job "time_task_to_resave" to job store "default"
2025-10-09 18:52:40,505 - INFO - Начато наблюдение за программой: eldenring.exe
2025-10-09 18:52:40,505 - INFO - Создан таск для игры Cult Of The Lamb с частотой 3 месяца.
2025-10-09 18:52:40,505 - DEBUG - Looking for jobs to run
2025-10-09 18:52:40,556 - WARNING - Таск для игры Cult Of The Lamb уже был создан ранее. Ложный вызов.
2025-10-09 18:52:40,577 - DEBUG - Next wakeup is due at 2025-10-10 18:52:40.437614+05:00 (in 86399.859931 seconds)
2025-10-09 18:52:40,578 - INFO - Added job "time_task_to_resave" to job store "default"
2025-10-09 18:52:40,578 - INFO - Создан таск для игры Elden Ring с частотой 3 дней.
2025-10-09 18:52:40,588 - DEBUG - Looking for jobs to run
2025-10-09 18:52:40,588 - DEBUG - Next wakeup is due at 2025-10-10 18:52:40.437614+05:00 (in 86399.848748 seconds)
2025-10-09 18:52:40,598 - WARNING - Таск для игры Elden Ring уже был создан ранее. Ложный вызов.
2025-10-09 18:52:40,599 - INFO - Added job "time_task_to_resave" to job store "default"
2025-10-09 18:52:40,599 - INFO - Создан таск для игры Horizon Zero Dawn с частотой 6 месяцев.
2025-10-09 18:52:40,599 - DEBUG - Looking for jobs to run
2025-10-09 18:52:40,610 - DEBUG - Next wakeup is due at 2025-10-10 18:52:40.437614+05:00 (in 86399.827532 seconds)
2025-10-09 18:52:40,610 - WARNING - Таск для игры Horizon Zero Dawn уже был создан ранее. Ложный вызов.
2025-10-09 18:52:40,620 - INFO - Added job "time_task_to_resave" to job store "default"
2025-10-09 18:52:40,620 - INFO - Создан таск для игры Satisfactory с частотой 6 месяцев.
2025-10-09 18:52:40,620 - DEBUG - Looking for jobs to run
2025-10-09 18:52:40,630 - DEBUG - Next wakeup is due at 2025-10-10 18:52:40.437614+05:00 (in 86399.806752 seconds)
2025-10-09 18:52:40,630 - WARNING - Таск для игры Satisfactory уже был создан ранее. Ложный вызов.
2025-10-09 18:52:40,631 - INFO - Added job "time_task_to_resave" to job store "default"
2025-10-09 18:52:40,631 - INFO - Создан таск для игры The Planet Crafter с частотой 4 недели.
2025-10-09 18:52:40,631 - DEBUG - Looking for jobs to run
2025-10-09 18:52:40,641 - DEBUG - Next wakeup is due at 2025-10-10 18:52:40.437614+05:00 (in 86399.796096 seconds)
2025-10-09 18:52:40,641 - WARNING - Таск для игры The Planet Crafter уже был создан ранее. Ложный вызов.
2025-10-09 18:52:40,651 - INFO - Added job "time_task_to_resave" to job store "default"
2025-10-09 18:52:40,651 - INFO - Создан таск для игры Voices of the Void с частотой 9 дней.
2025-10-09 18:52:40,651 - DEBUG - Looking for jobs to run
2025-10-09 18:52:40,652 - DEBUG - Next wakeup is due at 2025-10-10 18:52:40.437614+05:00 (in 86399.785610 seconds)
2025-10-09 18:52:40,652 - WARNING - Таск для игры Voices of the Void уже был создан ранее. Ложный вызов.
2025-10-09 18:52:40,652 - INFO - Процесс Atomic Heart запущен.
2025-10-09 18:52:40,662 - INFO - Процесс Cult Of The Lamb запущен.
2025-10-09 18:52:40,672 - INFO - Процесс Elden Ring запущен.
2025-10-09 18:52:40,683 - INFO - Процесс Horizon Zero Dawn запущен.
2025-10-09 18:52:40,693 - INFO - Процесс Satisfactory запущен.
2025-10-09 18:52:40,704 - INFO - Процесс The Planet Crafter запущен.
2025-10-09 18:52:40,704 - INFO - Процесс Voices of the Void запущен.
2025-10-09 18:52:43,290 - INFO - Начато наблюдение за программой: start_protected_game.exe
2025-10-09 18:52:43,345 - INFO - Начато наблюдение за программой: Planet Crafter.exe
2025-10-09 18:52:43,400 - INFO - Начато наблюдение за программой: UnityCrashHandler64.exe
2025-10-09 18:52:43,454 - INFO - Начато наблюдение за программой: FactoryGameSteam.exe
2025-10-09 18:52:43,506 - INFO - Начато наблюдение за программой: HorizonZeroDawn.exe
2025-10-09 18:52:43,575 - INFO - Начато наблюдение за программой: Cult Of The Lamb.exe
2025-10-09 18:52:43,631 - INFO - Начато наблюдение за программой: UnityCrashHandler64.exe
2025-10-09 18:52:43,682 - INFO - Начато наблюдение за программой: VotV.exe
2025-10-09 18:53:47,199 - INFO - Scheduler started
2025-10-09 18:53:47,199 - DEBUG - Looking for jobs to run
2025-10-09 18:53:47,199 - DEBUG - No jobs; waiting until a job is added
2025-10-09 18:53:47,201 - INFO - Added job "time_task_to_resave" to job store "default"
2025-10-09 18:53:47,201 - INFO - Создан таск для игры Atomic Heart с частотой 1 день.
2025-10-09 18:53:47,201 - DEBUG - Looking for jobs to run
2025-10-09 18:53:47,202 - DEBUG - Next wakeup is due at 2025-10-10 18:53:47.201616+05:00 (in 86399.999492 seconds)
2025-10-09 18:53:47,202 - WARNING - Таск для игры Atomic Heart уже был создан ранее. Ложный вызов.
2025-10-09 18:53:47,202 - INFO - Added job "time_task_to_resave" to job store "default"
2025-10-09 18:53:47,202 - INFO - Создан таск для игры Cult Of The Lamb с частотой 3 месяца.
2025-10-09 18:53:47,202 - DEBUG - Looking for jobs to run
2025-10-09 18:53:47,202 - DEBUG - Next wakeup is due at 2025-10-10 18:53:47.201616+05:00 (in 86399.998867 seconds)
2025-10-09 18:53:47,202 - WARNING - Таск для игры Cult Of The Lamb уже был создан ранее. Ложный вызов.
2025-10-09 18:53:47,203 - INFO - Added job "time_task_to_resave" to job store "default"
2025-10-09 18:53:47,203 - INFO - Создан таск для игры Elden Ring с частотой 3 дней.
2025-10-09 18:53:47,203 - DEBUG - Looking for jobs to run
2025-10-09 18:53:47,203 - DEBUG - Next wakeup is due at 2025-10-10 18:53:47.201616+05:00 (in 86399.998402 seconds)
2025-10-09 18:53:47,203 - WARNING - Таск для игры Elden Ring уже был создан ранее. Ложный вызов.
2025-10-09 18:53:47,203 - INFO - Added job "time_task_to_resave" to job store "default"
2025-10-09 18:53:47,203 - INFO - Создан таск для игры Horizon Zero Dawn с частотой 6 месяцев.
2025-10-09 18:53:47,203 - DEBUG - Looking for jobs to run
2025-10-09 18:53:47,203 - DEBUG - Next wakeup is due at 2025-10-10 18:53:47.201616+05:00 (in 86399.997952 seconds)
2025-10-09 18:53:47,203 - WARNING - Таск для игры Horizon Zero Dawn уже был создан ранее. Ложный вызов.
2025-10-09 18:53:47,203 - INFO - Added job "time_task_to_resave" to job store "default"
2025-10-09 18:53:47,203 - INFO - Создан таск для игры Satisfactory с частотой 6 месяцев.
2025-10-09 18:53:47,204 - DEBUG - Looking for jobs to run
2025-10-09 18:53:47,204 - DEBUG - Next wakeup is due at 2025-10-10 18:53:47.201616+05:00 (in 86399.997543 seconds)
2025-10-09 18:53:47,204 - WARNING - Таск для игры Satisfactory уже был создан ранее. Ложный вызов.
2025-10-09 18:53:47,204 - INFO - Added job "time_task_to_resave" to job store "default"
2025-10-09 18:53:47,204 - INFO - Создан таск для игры The Planet Crafter с частотой 4 недели.
2025-10-09 18:53:47,204 - DEBUG - Looking for jobs to run
2025-10-09 18:53:47,204 - DEBUG - Next wakeup is due at 2025-10-10 18:53:47.201616+05:00 (in 86399.997115 seconds)
2025-10-09 18:53:47,204 - WARNING - Таск для игры The Planet Crafter уже был создан ранее. Ложный вызов.
2025-10-09 18:53:47,204 - INFO - Added job "time_task_to_resave" to job store "default"
2025-10-09 18:53:47,204 - INFO - Создан таск для игры Voices of the Void с частотой 9 дней.
2025-10-09 18:53:47,204 - DEBUG - Looking for jobs to run
2025-10-09 18:53:47,204 - DEBUG - Next wakeup is due at 2025-10-10 18:53:47.201616+05:00 (in 86399.996747 seconds)
2025-10-09 18:53:47,204 - WARNING - Таск для игры Voices of the Void уже был создан ранее. Ложный вызов.
2025-10-09 18:53:47,206 - INFO - Процесс Atomic Heart запущен.
2025-10-09 18:53:47,206 - INFO - Процесс Cult Of The Lamb запущен.
2025-10-09 18:53:47,207 - INFO - Процесс Elden Ring запущен.
2025-10-09 18:53:47,207 - INFO - Процесс Horizon Zero Dawn запущен.
2025-10-09 18:53:47,207 - INFO - Процесс Satisfactory запущен.
2025-10-09 18:53:47,207 - INFO - Процесс The Planet Crafter запущен.
2025-10-09 18:53:47,207 - INFO - Процесс Voices of the Void запущен.
2025-10-09 18:53:47,208 - ERROR - Для игры Atomic Heart не указана директория с самой игрой!
2025-10-09 18:53:47,281 - INFO - Scheduler started
2025-10-09 18:53:47,281 - DEBUG - Using proactor: IocpProactor
2025-10-09 18:53:47,281 - DEBUG - Looking for jobs to run
2025-10-09 18:53:47,281 - DEBUG - No jobs; waiting until a job is added
2025-10-09 18:53:47,282 - INFO - Added job "time_task_to_resave" to job store "default"
2025-10-09 18:53:47,282 - INFO - Создан таск для игры Atomic Heart с частотой 1 день.
2025-10-09 18:53:47,282 - DEBUG - Looking for jobs to run
2025-10-09 18:53:47,282 - DEBUG - Next wakeup is due at 2025-10-10 18:53:47.201616+05:00 (in 86399.918910 seconds)
2025-10-09 18:53:47,283 - WARNING - Таск для игры Atomic Heart уже был создан ранее. Ложный вызов.
2025-10-09 18:53:47,283 - INFO - Added job "time_task_to_resave" to job store "default"
2025-10-09 18:53:47,283 - INFO - Начато наблюдение за программой: eldenring.exe
2025-10-09 18:53:47,283 - INFO - Создан таск для игры Cult Of The Lamb с частотой 3 месяца.
2025-10-09 18:53:47,283 - DEBUG - Looking for jobs to run
2025-10-09 18:53:47,341 - DEBUG - Next wakeup is due at 2025-10-10 18:53:47.201616+05:00 (in 86399.860167 seconds)
2025-10-09 18:53:47,341 - WARNING - Таск для игры Cult Of The Lamb уже был создан ранее. Ложный вызов.
2025-10-09 18:53:47,362 - INFO - Added job "time_task_to_resave" to job store "default"
2025-10-09 18:53:47,362 - INFO - Создан таск для игры Elden Ring с частотой 3 дней.
2025-10-09 18:53:47,362 - DEBUG - Looking for jobs to run
2025-10-09 18:53:47,373 - DEBUG - Next wakeup is due at 2025-10-10 18:53:47.201616+05:00 (in 86399.827907 seconds)
2025-10-09 18:53:47,373 - WARNING - Таск для игры Elden Ring уже был создан ранее. Ложный вызов.
2025-10-09 18:53:47,384 - INFO - Added job "time_task_to_resave" to job store "default"
2025-10-09 18:53:47,396 - INFO - Создан таск для игры Horizon Zero Dawn с частотой 6 месяцев.
2025-10-09 18:53:47,396 - DEBUG - Looking for jobs to run
2025-10-09 18:53:47,409 - DEBUG - Next wakeup is due at 2025-10-10 18:53:47.201616+05:00 (in 86399.792006 seconds)
2025-10-09 18:53:47,409 - WARNING - Таск для игры Horizon Zero Dawn уже был создан ранее. Ложный вызов.
2025-10-09 18:53:47,410 - INFO - Added job "time_task_to_resave" to job store "default"
2025-10-09 18:53:47,421 - INFO - Создан таск для игры Satisfactory с частотой 6 месяцев.
2025-10-09 18:53:47,421 - DEBUG - Looking for jobs to run
2025-10-09 18:53:47,421 - DEBUG - Next wakeup is due at 2025-10-10 18:53:47.201616+05:00 (in 86399.780089 seconds)
2025-10-09 18:53:47,432 - WARNING - Таск для игры Satisfactory уже был создан ранее. Ложный вызов.
2025-10-09 18:53:47,443 - INFO - Added job "time_task_to_resave" to job store "default"
2025-10-09 18:53:47,444 - INFO - Создан таск для игры The Planet Crafter с частотой 4 недели.
2025-10-09 18:53:47,444 - DEBUG - Looking for jobs to run
2025-10-09 18:53:47,455 - WARNING - Таск для игры The Planet Crafter уже был создан ранее. Ложный вызов.
2025-10-09 18:53:47,455 - DEBUG - Next wakeup is due at 2025-10-10 18:53:47.201616+05:00 (in 86399.746349 seconds)
2025-10-09 18:53:47,465 - INFO - Added job "time_task_to_resave" to job store "default"
2025-10-09 18:53:47,465 - INFO - Создан таск для игры Voices of the Void с частотой 9 дней.
2025-10-09 18:53:47,465 - DEBUG - Looking for jobs to run
2025-10-09 18:53:47,476 - DEBUG - Next wakeup is due at 2025-10-10 18:53:47.201616+05:00 (in 86399.724749 seconds)
2025-10-09 18:53:47,476 - WARNING - Таск для игры Voices of the Void уже был создан ранее. Ложный вызов.
2025-10-09 18:53:47,501 - INFO - Процесс Atomic Heart запущен.
2025-10-09 18:53:47,502 - INFO - Процесс Cult Of The Lamb запущен.
2025-10-09 18:53:47,516 - INFO - Процесс Elden Ring запущен.
2025-10-09 18:53:47,531 - INFO - Процесс Horizon Zero Dawn запущен.
2025-10-09 18:53:47,546 - INFO - Процесс Satisfactory запущен.
2025-10-09 18:53:47,559 - INFO - Процесс The Planet Crafter запущен.
2025-10-09 18:53:47,571 - INFO - Процесс Voices of the Void запущен.
2025-10-09 18:53:50,528 - INFO - Начато наблюдение за программой: start_protected_game.exe
2025-10-09 18:53:50,589 - INFO - Начато наблюдение за программой: Planet Crafter.exe
2025-10-09 18:53:50,647 - INFO - Начато наблюдение за программой: UnityCrashHandler64.exe
2025-10-09 18:53:50,704 - INFO - Начато наблюдение за программой: FactoryGameSteam.exe
2025-10-09 18:53:50,760 - INFO - Начато наблюдение за программой: HorizonZeroDawn.exe
2025-10-09 18:53:50,816 - INFO - Начато наблюдение за программой: Cult Of The Lamb.exe
2025-10-09 18:53:50,891 - INFO - Начато наблюдение за программой: UnityCrashHandler64.exe
2025-10-09 18:53:50,951 - INFO - Начато наблюдение за программой: VotV.exe
2025-10-09 19:01:58,846 - INFO - Scheduler started
2025-10-09 19:01:58,846 - DEBUG - Looking for jobs to run
2025-10-09 19:01:58,847 - DEBUG - No jobs; waiting until a job is added
2025-10-09 19:01:58,849 - INFO - Added job "time_task_to_resave" to job store "default"
2025-10-09 19:01:58,849 - INFO - Создан таск для игры Atomic Heart с частотой 1 день.
2025-10-09 19:01:58,849 - DEBUG - Looking for jobs to run
2025-10-09 19:01:58,849 - DEBUG - Next wakeup is due at 2025-10-10 19:01:58.849034+05:00 (in 86399.999679 seconds)
2025-10-09 19:01:58,849 - WARNING - Таск для игры Atomic Heart уже был создан ранее. Ложный вызов.
2025-10-09 19:01:58,849 - INFO - Added job "time_task_to_resave" to job store "default"
2025-10-09 19:01:58,849 - INFO - Создан таск для игры Cult Of The Lamb с частотой 3 месяца.
2025-10-09 19:01:58,849 - DEBUG - Looking for jobs to run
2025-10-09 19:01:58,849 - DEBUG - Next wakeup is due at 2025-10-10 19:01:58.849034+05:00 (in 86399.999238 seconds)
2025-10-09 19:01:58,849 - WARNING - Таск для игры Cult Of The Lamb уже был создан ранее. Ложный вызов.
2025-10-09 19:01:58,850 - INFO - Added job "time_task_to_resave" to job store "default"
2025-10-09 19:01:58,850 - INFO - Создан таск для игры Elden Ring с частотой 3 дней.
2025-10-09 19:01:58,850 - DEBUG - Looking for jobs to run
2025-10-09 19:01:58,850 - DEBUG - Next wakeup is due at 2025-10-10 19:01:58.849034+05:00 (in 86399.998884 seconds)
2025-10-09 19:01:58,850 - WARNING - Таск для игры Elden Ring уже был создан ранее. Ложный вызов.
2025-10-09 19:01:58,850 - INFO - Added job "time_task_to_resave" to job store "default"
2025-10-09 19:01:58,850 - INFO - Создан таск для игры Horizon Zero Dawn с частотой 6 месяцев.
2025-10-09 19:01:58,850 - DEBUG - Looking for jobs to run
2025-10-09 19:01:58,850 - DEBUG - Next wakeup is due at 2025-10-10 19:01:58.849034+05:00 (in 86399.998570 seconds)
2025-10-09 19:01:58,850 - WARNING - Таск для игры Horizon Zero Dawn уже был создан ранее. Ложный вызов.
2025-10-09 19:01:58,850 - INFO - Added job "time_task_to_resave" to job store "default"
2025-10-09 19:01:58,850 - INFO - Создан таск для игры Satisfactory с частотой 6 месяцев.
2025-10-09 19:01:58,850 - DEBUG - Looking for jobs to run
2025-10-09 19:01:58,850 - DEBUG - Next wakeup is due at 2025-10-10 19:01:58.849034+05:00 (in 86399.998267 seconds)
2025-10-09 19:01:58,850 - WARNING - Таск для игры Satisfactory уже был создан ранее. Ложный вызов.
2025-10-09 19:01:58,850 - INFO - Added job "time_task_to_resave" to job store "default"
2025-10-09 19:01:58,850 - INFO - Создан таск для игры The Planet Crafter с частотой 4 недели.
2025-10-09 19:01:58,851 - DEBUG - Looking for jobs to run
2025-10-09 19:01:58,851 - DEBUG - Next wakeup is due at 2025-10-10 19:01:58.849034+05:00 (in 86399.997961 seconds)
2025-10-09 19:01:58,851 - WARNING - Таск для игры The Planet Crafter уже был создан ранее. Ложный вызов.
2025-10-09 19:01:58,851 - INFO - Added job "time_task_to_resave" to job store "default"
2025-10-09 19:01:58,851 - INFO - Создан таск для игры Voices of the Void с частотой 9 дней.
2025-10-09 19:01:58,851 - DEBUG - Looking for jobs to run
2025-10-09 19:01:58,851 - DEBUG - Next wakeup is due at 2025-10-10 19:01:58.849034+05:00 (in 86399.997662 seconds)
2025-10-09 19:01:58,851 - WARNING - Таск для игры Voices of the Void уже был создан ранее. Ложный вызов.
2025-10-09 19:01:58,853 - INFO - Процесс Atomic Heart запущен.
2025-10-09 19:01:58,853 - INFO - Процесс Cult Of The Lamb запущен.
2025-10-09 19:01:58,853 - INFO - Процесс Elden Ring запущен.
2025-10-09 19:01:58,853 - INFO - Процесс Horizon Zero Dawn запущен.
2025-10-09 19:01:58,853 - INFO - Процесс Satisfactory запущен.
2025-10-09 19:01:58,853 - INFO - Процесс The Planet Crafter запущен.
2025-10-09 19:01:58,853 - INFO - Процесс Voices of the Void запущен.
2025-10-09 19:01:58,854 - ERROR - Для игры Atomic Heart не указана директория с самой игрой!
2025-10-09 19:01:58,920 - DEBUG - Using proactor: IocpProactor
2025-10-09 19:01:58,920 - INFO - Scheduler started
2025-10-09 19:01:58,921 - DEBUG - Looking for jobs to run
2025-10-09 19:01:58,921 - DEBUG - No jobs; waiting until a job is added
2025-10-09 19:01:58,922 - INFO - Added job "time_task_to_resave" to job store "default"
2025-10-09 19:01:58,922 - INFO - Создан таск для игры Atomic Heart с частотой 1 день.
2025-10-09 19:01:58,922 - DEBUG - Looking for jobs to run
2025-10-09 19:01:58,922 - DEBUG - Next wakeup is due at 2025-10-10 19:01:58.849034+05:00 (in 86399.926673 seconds)
2025-10-09 19:01:58,922 - WARNING - Таск для игры Atomic Heart уже был создан ранее. Ложный вызов.
2025-10-09 19:01:58,922 - INFO - Начато наблюдение за программой: eldenring.exe
2025-10-09 19:01:58,955 - INFO - Added job "time_task_to_resave" to job store "default"
2025-10-09 19:01:58,955 - INFO - Создан таск для игры Cult Of The Lamb с частотой 3 месяца.
2025-10-09 19:01:58,955 - DEBUG - Looking for jobs to run
2025-10-09 19:01:58,955 - DEBUG - Next wakeup is due at 2025-10-10 19:01:58.849034+05:00 (in 86399.893570 seconds)
2025-10-09 19:01:58,978 - WARNING - Таск для игры Cult Of The Lamb уже был создан ранее. Ложный вызов.
2025-10-09 19:01:58,990 - INFO - Added job "time_task_to_resave" to job store "default"
2025-10-09 19:01:58,990 - INFO - Создан таск для игры Elden Ring с частотой 3 дней.
2025-10-09 19:01:58,990 - DEBUG - Looking for jobs to run
2025-10-09 19:01:58,990 - DEBUG - Next wakeup is due at 2025-10-10 19:01:58.849034+05:00 (in 86399.858705 seconds)
2025-10-09 19:01:59,000 - WARNING - Таск для игры Elden Ring уже был создан ранее. Ложный вызов.
2025-10-09 19:01:59,001 - INFO - Added job "time_task_to_resave" to job store "default"
2025-10-09 19:01:59,001 - INFO - Создан таск для игры Horizon Zero Dawn с частотой 6 месяцев.
2025-10-09 19:01:59,001 - DEBUG - Looking for jobs to run
2025-10-09 19:01:59,012 - DEBUG - Next wakeup is due at 2025-10-10 19:01:58.849034+05:00 (in 86399.836591 seconds)
2025-10-09 19:01:59,012 - WARNING - Таск для игры Horizon Zero Dawn уже был создан ранее. Ложный вызов.
2025-10-09 19:01:59,025 - INFO - Added job "time_task_to_resave" to job store "default"
2025-10-09 19:01:59,025 - INFO - Создан таск для игры Satisfactory с частотой 6 месяцев.
2025-10-09 19:01:59,025 - DEBUG - Looking for jobs to run
2025-10-09 19:01:59,025 - WARNING - Таск для игры Satisfactory уже был создан ранее. Ложный вызов.
2025-10-09 19:01:59,025 - DEBUG - Next wakeup is due at 2025-10-10 19:01:58.849034+05:00 (in 86399.823567 seconds)
2025-10-09 19:01:59,025 - INFO - Added job "time_task_to_resave" to job store "default"
2025-10-09 19:01:59,037 - INFO - Создан таск для игры The Planet Crafter с частотой 4 недели.
2025-10-09 19:01:59,037 - DEBUG - Looking for jobs to run
2025-10-09 19:01:59,050 - DEBUG - Next wakeup is due at 2025-10-10 19:01:58.849034+05:00 (in 86399.798656 seconds)
2025-10-09 19:01:59,050 - WARNING - Таск для игры The Planet Crafter уже был создан ранее. Ложный вызов.
2025-10-09 19:01:59,050 - INFO - Added job "time_task_to_resave" to job store "default"
2025-10-09 19:01:59,062 - INFO - Создан таск для игры Voices of the Void с частотой 9 дней.
2025-10-09 19:01:59,062 - DEBUG - Looking for jobs to run
2025-10-09 19:01:59,062 - DEBUG - Next wakeup is due at 2025-10-10 19:01:58.849034+05:00 (in 86399.786622 seconds)
2025-10-09 19:01:59,072 - WARNING - Таск для игры Voices of the Void уже был создан ранее. Ложный вызов.
2025-10-09 19:01:59,082 - INFO - Процесс Atomic Heart запущен.
2025-10-09 19:01:59,092 - INFO - Процесс Cult Of The Lamb запущен.
2025-10-09 19:01:59,102 - INFO - Процесс Elden Ring запущен.
2025-10-09 19:01:59,114 - INFO - Процесс Horizon Zero Dawn запущен.
2025-10-09 19:01:59,114 - INFO - Процесс Satisfactory запущен.
2025-10-09 19:01:59,124 - INFO - Процесс The Planet Crafter запущен.
2025-10-09 19:01:59,135 - INFO - Процесс Voices of the Void запущен.
2025-10-09 19:02:01,730 - INFO - Начато наблюдение за программой: start_protected_game.exe
2025-10-09 19:02:01,786 - INFO - Начато наблюдение за программой: Planet Crafter.exe
2025-10-09 19:02:01,841 - INFO - Начато наблюдение за программой: UnityCrashHandler64.exe
2025-10-09 19:02:01,892 - INFO - Начато наблюдение за программой: FactoryGameSteam.exe
2025-10-09 19:02:01,944 - INFO - Начато наблюдение за программой: HorizonZeroDawn.exe
2025-10-09 19:02:02,019 - INFO - Начато наблюдение за программой: Cult Of The Lamb.exe
2025-10-09 19:02:02,073 - INFO - Начато наблюдение за программой: UnityCrashHandler64.exe
2025-10-09 19:02:02,123 - INFO - Начато наблюдение за программой: VotV.exe
2025-10-09 19:02:38,585 - INFO - Scheduler started
2025-10-09 19:02:38,586 - DEBUG - Looking for jobs to run
2025-10-09 19:02:38,586 - DEBUG - No jobs; waiting until a job is added
2025-10-09 19:02:38,588 - INFO - Added job "time_task_to_resave" to job store "default"
2025-10-09 19:02:38,589 - INFO - Создан таск для игры Atomic Heart с частотой 1 день.
2025-10-09 19:02:38,589 - DEBUG - Looking for jobs to run
2025-10-09 19:02:38,589 - DEBUG - Next wakeup is due at 2025-10-10 19:02:38.588809+05:00 (in 86399.999604 seconds)
2025-10-09 19:02:38,589 - WARNING - Таск для игры Atomic Heart уже был создан ранее. Ложный вызов.
2025-10-09 19:02:38,589 - INFO - Added job "time_task_to_resave" to job store "default"
2025-10-09 19:02:38,589 - INFO - Создан таск для игры Cult Of The Lamb с частотой 3 месяца.
2025-10-09 19:02:38,589 - DEBUG - Looking for jobs to run
2025-10-09 19:02:38,589 - DEBUG - Next wakeup is due at 2025-10-10 19:02:38.588809+05:00 (in 86399.999181 seconds)
2025-10-09 19:02:38,589 - WARNING - Таск для игры Cult Of The Lamb уже был создан ранее. Ложный вызов.
2025-10-09 19:02:38,589 - INFO - Added job "time_task_to_resave" to job store "default"
2025-10-09 19:02:38,589 - INFO - Создан таск для игры Elden Ring с частотой 3 дней.
2025-10-09 19:02:38,589 - DEBUG - Looking for jobs to run
2025-10-09 19:02:38,589 - DEBUG - Next wakeup is due at 2025-10-10 19:02:38.588809+05:00 (in 86399.998830 seconds)
2025-10-09 19:02:38,590 - WARNING - Таск для игры Elden Ring уже был создан ранее. Ложный вызов.
2025-10-09 19:02:38,590 - INFO - Added job "time_task_to_resave" to job store "default"
2025-10-09 19:02:38,590 - INFO - Создан таск для игры Horizon Zero Dawn с частотой 6 месяцев.
2025-10-09 19:02:38,590 - DEBUG - Looking for jobs to run
2025-10-09 19:02:38,590 - DEBUG - Next wakeup is due at 2025-10-10 19:02:38.588809+05:00 (in 86399.998454 seconds)
2025-10-09 19:02:38,590 - WARNING - Таск для игры Horizon Zero Dawn уже был создан ранее. Ложный вызов.
2025-10-09 19:02:38,590 - INFO - Added job "time_task_to_resave" to job store "default"
2025-10-09 19:02:38,590 - INFO - Создан таск для игры Satisfactory с частотой 6 месяцев.
2025-10-09 19:02:38,590 - DEBUG - Looking for jobs to run
2025-10-09 19:02:38,590 - WARNING - Таск для игры Satisfactory уже был создан ранее. Ложный вызов.
2025-10-09 19:02:38,590 - DEBUG - Next wakeup is due at 2025-10-10 19:02:38.588809+05:00 (in 86399.997934 seconds)
2025-10-09 19:02:38,591 - INFO - Added job "time_task_to_resave" to job store "default"
2025-10-09 19:02:38,591 - INFO - Создан таск для игры The Planet Crafter с частотой 4 недели.
2025-10-09 19:02:38,591 - DEBUG - Looking for jobs to run
2025-10-09 19:02:38,591 - DEBUG - Next wakeup is due at 2025-10-10 19:02:38.588809+05:00 (in 86399.997540 seconds)
2025-10-09 19:02:38,591 - WARNING - Таск для игры The Planet Crafter уже был создан ранее. Ложный вызов.
2025-10-09 19:02:38,591 - INFO - Added job "time_task_to_resave" to job store "default"
2025-10-09 19:02:38,591 - INFO - Создан таск для игры Voices of the Void с частотой 9 дней.
2025-10-09 19:02:38,591 - DEBUG - Looking for jobs to run
2025-10-09 19:02:38,591 - DEBUG - Next wakeup is due at 2025-10-10 19:02:38.588809+05:00 (in 86399.997185 seconds)
2025-10-09 19:02:38,591 - WARNING - Таск для игры Voices of the Void уже был создан ранее. Ложный вызов.
2025-10-09 19:02:38,593 - INFO - Процесс Atomic Heart запущен.
2025-10-09 19:02:38,593 - INFO - Процесс Cult Of The Lamb запущен.
2025-10-09 19:02:38,593 - INFO - Процесс Elden Ring запущен.
2025-10-09 19:02:38,593 - INFO - Процесс Horizon Zero Dawn запущен.
2025-10-09 19:02:38,593 - INFO - Процесс Satisfactory запущен.
2025-10-09 19:02:38,594 - INFO - Процесс The Planet Crafter запущен.
2025-10-09 19:02:38,594 - INFO - Процесс Voices of the Void запущен.
2025-10-09 19:02:38,595 - ERROR - Для игры Atomic Heart не указана директория с самой игрой!
2025-10-09 19:02:38,649 - DEBUG - Using proactor: IocpProactor
2025-10-09 19:02:38,649 - INFO - Scheduler started
2025-10-09 19:02:38,650 - DEBUG - Looking for jobs to run
2025-10-09 19:02:38,650 - DEBUG - No jobs; waiting until a job is added
2025-10-09 19:02:38,650 - INFO - Added job "time_task_to_resave" to job store "default"
2025-10-09 19:02:38,650 - INFO - Создан таск для игры Atomic Heart с частотой 1 день.
2025-10-09 19:02:38,650 - DEBUG - Looking for jobs to run
2025-10-09 19:02:38,650 - DEBUG - Next wakeup is due at 2025-10-10 19:02:38.588809+05:00 (in 86399.937979 seconds)
2025-10-09 19:02:38,651 - INFO - Начато наблюдение за программой: eldenring.exe
2025-10-09 19:02:38,651 - WARNING - Таск для игры Atomic Heart уже был создан ранее. Ложный вызов.
2025-10-09 19:02:38,682 - INFO - Added job "time_task_to_resave" to job store "default"
2025-10-09 19:02:38,682 - INFO - Создан таск для игры Cult Of The Lamb с частотой 3 месяца.
2025-10-09 19:02:38,682 - DEBUG - Looking for jobs to run
2025-10-09 19:02:38,682 - DEBUG - Next wakeup is due at 2025-10-10 19:02:38.588809+05:00 (in 86399.906431 seconds)
2025-10-09 19:02:38,682 - WARNING - Таск для игры Cult Of The Lamb уже был создан ранее. Ложный вызов.
2025-10-09 19:02:38,682 - INFO - Added job "time_task_to_resave" to job store "default"
2025-10-09 19:02:38,682 - INFO - Создан таск для игры Elden Ring с частотой 3 дней.
2025-10-09 19:02:38,682 - DEBUG - Looking for jobs to run
2025-10-09 19:02:38,702 - DEBUG - Next wakeup is due at 2025-10-10 19:02:38.588809+05:00 (in 86399.886249 seconds)
2025-10-09 19:02:38,702 - WARNING - Таск для игры Elden Ring уже был создан ранее. Ложный вызов.
2025-10-09 19:02:38,702 - INFO - Added job "time_task_to_resave" to job store "default"
2025-10-09 19:02:38,702 - INFO - Создан таск для игры Horizon Zero Dawn с частотой 6 месяцев.
2025-10-09 19:02:38,702 - DEBUG - Looking for jobs to run
2025-10-09 19:02:38,703 - DEBUG - Next wakeup is due at 2025-10-10 19:02:38.588809+05:00 (in 86399.885781 seconds)
2025-10-09 19:02:38,713 - WARNING - Таск для игры Horizon Zero Dawn уже был создан ранее. Ложный вызов.
2025-10-09 19:02:38,713 - INFO - Added job "time_task_to_resave" to job store "default"
2025-10-09 19:02:38,713 - INFO - Создан таск для игры Satisfactory с частотой 6 месяцев.
2025-10-09 19:02:38,713 - DEBUG - Looking for jobs to run
2025-10-09 19:02:38,724 - DEBUG - Next wakeup is due at 2025-10-10 19:02:38.588809+05:00 (in 86399.864816 seconds)
2025-10-09 19:02:38,724 - WARNING - Таск для игры Satisfactory уже был создан ранее. Ложный вызов.
2025-10-09 19:02:38,744 - INFO - Added job "time_task_to_resave" to job store "default"
2025-10-09 19:02:38,744 - INFO - Создан таск для игры The Planet Crafter с частотой 4 недели.
2025-10-09 19:02:38,744 - DEBUG - Looking for jobs to run
2025-10-09 19:02:38,744 - DEBUG - Next wakeup is due at 2025-10-10 19:02:38.588809+05:00 (in 86399.843892 seconds)
2025-10-09 19:02:38,745 - WARNING - Таск для игры The Planet Crafter уже был создан ранее. Ложный вызов.
2025-10-09 19:02:38,745 - INFO - Added job "time_task_to_resave" to job store "default"
2025-10-09 19:02:38,745 - INFO - Создан таск для игры Voices of the Void с частотой 9 дней.
2025-10-09 19:02:38,745 - DEBUG - Looking for jobs to run
2025-10-09 19:02:38,745 - DEBUG - Next wakeup is due at 2025-10-10 19:02:38.588809+05:00 (in 86399.843409 seconds)
2025-10-09 19:02:38,745 - WARNING - Таск для игры Voices of the Void уже был создан ранее. Ложный вызов.
2025-10-09 19:02:38,766 - INFO - Процесс Atomic Heart запущен.
2025-10-09 19:02:38,776 - INFO - Процесс Cult Of The Lamb запущен.
2025-10-09 19:02:38,787 - INFO - Процесс Elden Ring запущен.
2025-10-09 19:02:38,787 - INFO - Процесс Horizon Zero Dawn запущен.
2025-10-09 19:02:38,798 - INFO - Процесс Satisfactory запущен.
2025-10-09 19:02:38,808 - INFO - Процесс The Planet Crafter запущен.
2025-10-09 19:02:38,808 - INFO - Процесс Voices of the Void запущен.
2025-10-09 19:02:41,642 - INFO - Начато наблюдение за программой: start_protected_game.exe
2025-10-09 19:02:41,702 - INFO - Начато наблюдение за программой: Planet Crafter.exe
2025-10-09 19:02:41,765 - INFO - Начато наблюдение за программой: UnityCrashHandler64.exe
2025-10-09 19:02:41,872 - INFO - Начато наблюдение за программой: FactoryGameSteam.exe
2025-10-09 19:02:41,939 - INFO - Начато наблюдение за программой: HorizonZeroDawn.exe
2025-10-09 19:02:42,009 - INFO - Начато наблюдение за программой: Cult Of The Lamb.exe
2025-10-09 19:02:42,066 - INFO - Начато наблюдение за программой: UnityCrashHandler64.exe
2025-10-09 19:02:42,145 - INFO - Начато наблюдение за программой: VotV.exe
2025-10-09 19:04:18,980 - INFO - Scheduler started
2025-10-09 19:04:18,980 - DEBUG - Looking for jobs to run
2025-10-09 19:04:18,980 - DEBUG - No jobs; waiting until a job is added
2025-10-09 19:04:18,982 - INFO - Added job "time_task_to_resave" to job store "default"
2025-10-09 19:04:18,983 - INFO - Создан таск для игры Atomic Heart с частотой 1 день.
2025-10-09 19:04:18,983 - DEBUG - Looking for jobs to run
2025-10-09 19:04:18,983 - DEBUG - Next wakeup is due at 2025-10-10 19:04:18.982772+05:00 (in 86399.999508 seconds)
2025-10-09 19:04:18,983 - WARNING - Таск для игры Atomic Heart уже был создан ранее. Ложный вызов.
2025-10-09 19:04:18,983 - INFO - Added job "time_task_to_resave" to job store "default"
2025-10-09 19:04:18,983 - INFO - Создан таск для игры Cult Of The Lamb с частотой 3 месяца.
2025-10-09 19:04:18,983 - DEBUG - Looking for jobs to run
2025-10-09 19:04:18,983 - DEBUG - Next wakeup is due at 2025-10-10 19:04:18.982772+05:00 (in 86399.999028 seconds)
2025-10-09 19:04:18,983 - WARNING - Таск для игры Cult Of The Lamb уже был создан ранее. Ложный вызов.
2025-10-09 19:04:18,984 - INFO - Added job "time_task_to_resave" to job store "default"
2025-10-09 19:04:18,984 - INFO - Создан таск для игры Elden Ring с частотой 3 дней.
2025-10-09 19:04:18,984 - DEBUG - Looking for jobs to run
2025-10-09 19:04:18,984 - DEBUG - Next wakeup is due at 2025-10-10 19:04:18.982772+05:00 (in 86399.998577 seconds)
2025-10-09 19:04:18,984 - WARNING - Таск для игры Elden Ring уже был создан ранее. Ложный вызов.
2025-10-09 19:04:18,984 - INFO - Added job "time_task_to_resave" to job store "default"
2025-10-09 19:04:18,984 - INFO - Создан таск для игры Horizon Zero Dawn с частотой 6 месяцев.
2025-10-09 19:04:18,984 - DEBUG - Looking for jobs to run
2025-10-09 19:04:18,984 - DEBUG - Next wakeup is due at 2025-10-10 19:04:18.982772+05:00 (in 86399.998220 seconds)
2025-10-09 19:04:18,984 - WARNING - Таск для игры Horizon Zero Dawn уже был создан ранее. Ложный вызов.
2025-10-09 19:04:18,984 - INFO - Added job "time_task_to_resave" to job store "default"
2025-10-09 19:04:18,984 - INFO - Создан таск для игры Satisfactory с частотой 6 месяцев.
2025-10-09 19:04:18,984 - DEBUG - Looking for jobs to run
2025-10-09 19:04:18,984 - DEBUG - Next wakeup is due at 2025-10-10 19:04:18.982772+05:00 (in 86399.997867 seconds)
2025-10-09 19:04:18,984 - WARNING - Таск для игры Satisfactory уже был создан ранее. Ложный вызов.
2025-10-09 19:04:18,985 - INFO - Added job "time_task_to_resave" to job store "default"
2025-10-09 19:04:18,985 - INFO - Создан таск для игры The Planet Crafter с частотой 4 недели.
2025-10-09 19:04:18,985 - DEBUG - Looking for jobs to run
2025-10-09 19:04:18,985 - DEBUG - Next wakeup is due at 2025-10-10 19:04:18.982772+05:00 (in 86399.997525 seconds)
2025-10-09 19:04:18,985 - WARNING - Таск для игры The Planet Crafter уже был создан ранее. Ложный вызов.
2025-10-09 19:04:18,985 - INFO - Added job "time_task_to_resave" to job store "default"
2025-10-09 19:04:18,985 - INFO - Создан таск для игры Voices of the Void с частотой 9 дней.
2025-10-09 19:04:18,985 - DEBUG - Looking for jobs to run
2025-10-09 19:04:18,985 - DEBUG - Next wakeup is due at 2025-10-10 19:04:18.982772+05:00 (in 86399.997209 seconds)
2025-10-09 19:04:18,985 - WARNING - Таск для игры Voices of the Void уже был создан ранее. Ложный вызов.
2025-10-09 19:04:18,987 - INFO - Процесс Atomic Heart запущен.
2025-10-09 19:04:18,987 - INFO - Процесс Cult Of The Lamb запущен.
2025-10-09 19:04:18,987 - INFO - Процесс Elden Ring запущен.
2025-10-09 19:04:18,987 - INFO - Процесс Horizon Zero Dawn запущен.
2025-10-09 19:04:18,987 - INFO - Процесс Satisfactory запущен.
2025-10-09 19:04:18,987 - INFO - Процесс The Planet Crafter запущен.
2025-10-09 19:04:18,988 - INFO - Процесс Voices of the Void запущен.
2025-10-09 19:04:18,989 - ERROR - Для игры Atomic Heart не указана директория с самой игрой!
2025-10-09 19:04:19,053 - DEBUG - Using proactor: IocpProactor
2025-10-09 19:04:19,053 - INFO - Scheduler started
2025-10-09 19:04:19,054 - DEBUG - Looking for jobs to run
2025-10-09 19:04:19,054 - DEBUG - No jobs; waiting until a job is added
2025-10-09 19:04:19,054 - INFO - Added job "time_task_to_resave" to job store "default"
2025-10-09 19:04:19,054 - INFO - Создан таск для игры Atomic Heart с частотой 1 день.
2025-10-09 19:04:19,054 - DEBUG - Looking for jobs to run
2025-10-09 19:04:19,054 - DEBUG - Next wakeup is due at 2025-10-10 19:04:18.982772+05:00 (in 86399.927893 seconds)
2025-10-09 19:04:19,055 - WARNING - Таск для игры Atomic Heart уже был создан ранее. Ложный вызов.
2025-10-09 19:04:19,055 - INFO - Added job "time_task_to_resave" to job store "default"
2025-10-09 19:04:19,055 - INFO - Начато наблюдение за программой: eldenring.exe
2025-10-09 19:04:19,055 - INFO - Создан таск для игры Cult Of The Lamb с частотой 3 месяца.
2025-10-09 19:04:19,055 - DEBUG - Looking for jobs to run
2025-10-09 19:04:19,110 - DEBUG - Next wakeup is due at 2025-10-10 19:04:18.982772+05:00 (in 86399.872464 seconds)
2025-10-09 19:04:19,110 - WARNING - Таск для игры Cult Of The Lamb уже был создан ранее. Ложный вызов.
2025-10-09 19:04:19,120 - INFO - Added job "time_task_to_resave" to job store "default"
2025-10-09 19:04:19,131 - INFO - Создан таск для игры Elden Ring с частотой 3 дней.
2025-10-09 19:04:19,131 - DEBUG - Looking for jobs to run
2025-10-09 19:04:19,141 - DEBUG - Next wakeup is due at 2025-10-10 19:04:18.982772+05:00 (in 86399.840900 seconds)
2025-10-09 19:04:19,142 - WARNING - Таск для игры Elden Ring уже был создан ранее. Ложный вызов.
2025-10-09 19:04:19,142 - INFO - Added job "time_task_to_resave" to job store "default"
2025-10-09 19:04:19,152 - INFO - Создан таск для игры Horizon Zero Dawn с частотой 6 месяцев.
2025-10-09 19:04:19,152 - DEBUG - Looking for jobs to run
2025-10-09 19:04:19,162 - DEBUG - Next wakeup is due at 2025-10-10 19:04:18.982772+05:00 (in 86399.820079 seconds)
2025-10-09 19:04:19,162 - WARNING - Таск для игры Horizon Zero Dawn уже был создан ранее. Ложный вызов.
2025-10-09 19:04:19,163 - INFO - Added job "time_task_to_resave" to job store "default"
2025-10-09 19:04:19,173 - INFO - Создан таск для игры Satisfactory с частотой 6 месяцев.
2025-10-09 19:04:19,173 - DEBUG - Looking for jobs to run
2025-10-09 19:04:19,173 - DEBUG - Next wakeup is due at 2025-10-10 19:04:18.982772+05:00 (in 86399.809257 seconds)
2025-10-09 19:04:19,173 - WARNING - Таск для игры Satisfactory уже был создан ранее. Ложный вызов.
2025-10-09 19:04:19,173 - INFO - Added job "time_task_to_resave" to job store "default"
2025-10-09 19:04:19,183 - INFO - Создан таск для игры The Planet Crafter с частотой 4 недели.
2025-10-09 19:04:19,183 - DEBUG - Looking for jobs to run
2025-10-09 19:04:19,194 - DEBUG - Next wakeup is due at 2025-10-10 19:04:18.982772+05:00 (in 86399.788422 seconds)
2025-10-09 19:04:19,194 - WARNING - Таск для игры The Planet Crafter уже был создан ранее. Ложный вызов.
2025-10-09 19:04:19,204 - INFO - Added job "time_task_to_resave" to job store "default"
2025-10-09 19:04:19,204 - INFO - Создан таск для игры Voices of the Void с частотой 9 дней.
2025-10-09 19:04:19,204 - DEBUG - Looking for jobs to run
2025-10-09 19:04:19,215 - DEBUG - Next wakeup is due at 2025-10-10 19:04:18.982772+05:00 (in 86399.767306 seconds)
2025-10-09 19:04:19,215 - WARNING - Таск для игры Voices of the Void уже был создан ранее. Ложный вызов.
2025-10-09 19:04:19,225 - INFO - Процесс Atomic Heart запущен.
2025-10-09 19:04:19,236 - INFO - Процесс Cult Of The Lamb запущен.
2025-10-09 19:04:19,246 - INFO - Процесс Elden Ring запущен.
2025-10-09 19:04:19,257 - INFO - Процесс Horizon Zero Dawn запущен.
2025-10-09 19:04:19,257 - INFO - Процесс Satisfactory запущен.
2025-10-09 19:04:19,269 - INFO - Процесс The Planet Crafter запущен.
2025-10-09 19:04:19,281 - INFO - Процесс Voices of the Void запущен.
2025-10-09 19:04:21,760 - INFO - Начато наблюдение за программой: start_protected_game.exe
2025-10-09 19:04:21,816 - INFO - Начато наблюдение за программой: Planet Crafter.exe
2025-10-09 19:04:21,869 - INFO - Начато наблюдение за программой: UnityCrashHandler64.exe
2025-10-09 19:04:21,922 - INFO - Начато наблюдение за программой: FactoryGameSteam.exe
2025-10-09 19:04:21,973 - INFO - Начато наблюдение за программой: HorizonZeroDawn.exe
2025-10-09 19:04:22,060 - INFO - Начато наблюдение за программой: Cult Of The Lamb.exe
2025-10-09 19:04:22,112 - INFO - Начато наблюдение за программой: UnityCrashHandler64.exe
2025-10-09 19:04:22,162 - INFO - Начато наблюдение за программой: VotV.exe
2025-10-09 19:22:16,590 - INFO - Scheduler started
2025-10-09 19:22:16,591 - DEBUG - Looking for jobs to run
2025-10-09 19:22:16,591 - DEBUG - No jobs; waiting until a job is added
2025-10-09 19:22:16,593 - INFO - Added job "time_task_to_resave" to job store "default"
2025-10-09 19:22:16,593 - INFO - Создан таск для игры Atomic Heart с частотой 1 день.
2025-10-09 19:22:16,593 - DEBUG - Looking for jobs to run
2025-10-09 19:22:16,593 - DEBUG - Next wakeup is due at 2025-10-10 19:22:16.593094+05:00 (in 86399.999643 seconds)
2025-10-09 19:22:16,593 - WARNING - Таск для игры Atomic Heart уже был создан ранее. Ложный вызов.
2025-10-09 19:22:16,593 - INFO - Added job "time_task_to_resave" to job store "default"
2025-10-09 19:22:16,593 - INFO - Создан таск для игры Cult Of The Lamb с частотой 3 месяца.
2025-10-09 19:22:16,593 - DEBUG - Looking for jobs to run
2025-10-09 19:22:16,593 - DEBUG - Next wakeup is due at 2025-10-10 19:22:16.593094+05:00 (in 86399.999187 seconds)
2025-10-09 19:22:16,594 - WARNING - Таск для игры Cult Of The Lamb уже был создан ранее. Ложный вызов.
2025-10-09 19:22:16,594 - INFO - Added job "time_task_to_resave" to job store "default"
2025-10-09 19:22:16,594 - INFO - Создан таск для игры Elden Ring с частотой 3 дней.
2025-10-09 19:22:16,594 - DEBUG - Looking for jobs to run
2025-10-09 19:22:16,594 - DEBUG - Next wakeup is due at 2025-10-10 19:22:16.593094+05:00 (in 86399.998703 seconds)
2025-10-09 19:22:16,594 - WARNING - Таск для игры Elden Ring уже был создан ранее. Ложный вызов.
2025-10-09 19:22:16,594 - INFO - Added job "time_task_to_resave" to job store "default"
2025-10-09 19:22:16,594 - INFO - Создан таск для игры Horizon Zero Dawn с частотой 6 месяцев.
2025-10-09 19:22:16,594 - DEBUG - Looking for jobs to run
2025-10-09 19:22:16,594 - DEBUG - Next wakeup is due at 2025-10-10 19:22:16.593094+05:00 (in 86399.998256 seconds)
2025-10-09 19:22:16,594 - WARNING - Таск для игры Horizon Zero Dawn уже был создан ранее. Ложный вызов.
2025-10-09 19:22:16,595 - INFO - Added job "time_task_to_resave" to job store "default"
2025-10-09 19:22:16,595 - INFO - Создан таск для игры Satisfactory с частотой 6 месяцев.
2025-10-09 19:22:16,595 - DEBUG - Looking for jobs to run
2025-10-09 19:22:16,595 - DEBUG - Next wakeup is due at 2025-10-10 19:22:16.593094+05:00 (in 86399.997725 seconds)
2025-10-09 19:22:16,595 - WARNING - Таск для игры Satisfactory уже был создан ранее. Ложный вызов.
2025-10-09 19:22:16,595 - INFO - Added job "time_task_to_resave" to job store "default"
2025-10-09 19:22:16,595 - INFO - Создан таск для игры The Planet Crafter с частотой 4 недели.
2025-10-09 19:22:16,595 - DEBUG - Looking for jobs to run
2025-10-09 19:22:16,595 - DEBUG - Next wakeup is due at 2025-10-10 19:22:16.593094+05:00 (in 86399.997228 seconds)
2025-10-09 19:22:16,595 - WARNING - Таск для игры The Planet Crafter уже был создан ранее. Ложный вызов.
2025-10-09 19:22:16,596 - INFO - Added job "time_task_to_resave" to job store "default"
2025-10-09 19:22:16,596 - INFO - Создан таск для игры Voices of the Void с частотой 9 дней.
2025-10-09 19:22:16,596 - DEBUG - Looking for jobs to run
2025-10-09 19:22:16,596 - DEBUG - Next wakeup is due at 2025-10-10 19:22:16.593094+05:00 (in 86399.996804 seconds)
2025-10-09 19:22:16,596 - WARNING - Таск для игры Voices of the Void уже был создан ранее. Ложный вызов.
2025-10-09 19:22:16,598 - INFO - Процесс Atomic Heart запущен.
2025-10-09 19:22:16,598 - INFO - Процесс Cult Of The Lamb запущен.
2025-10-09 19:22:16,598 - INFO - Процесс Elden Ring запущен.
2025-10-09 19:22:16,598 - INFO - Процесс Horizon Zero Dawn запущен.
2025-10-09 19:22:16,598 - INFO - Процесс Satisfactory запущен.
2025-10-09 19:22:16,598 - INFO - Процесс The Planet Crafter запущен.
2025-10-09 19:22:16,598 - INFO - Процесс Voices of the Void запущен.
2025-10-09 19:22:16,599 - ERROR - Для игры Atomic Heart не указана директория с самой игрой!
2025-10-09 19:22:16,663 - DEBUG - Using proactor: IocpProactor
2025-10-09 19:22:16,663 - INFO - Scheduler started
2025-10-09 19:22:16,663 - DEBUG - Looking for jobs to run
2025-10-09 19:22:16,663 - DEBUG - No jobs; waiting until a job is added
2025-10-09 19:22:16,664 - INFO - Added job "time_task_to_resave" to job store "default"
2025-10-09 19:22:16,664 - INFO - Создан таск для игры Atomic Heart с частотой 1 день.
2025-10-09 19:22:16,664 - DEBUG - Looking for jobs to run
2025-10-09 19:22:16,664 - DEBUG - Next wakeup is due at 2025-10-10 19:22:16.593094+05:00 (in 86399.928725 seconds)
2025-10-09 19:22:16,664 - WARNING - Таск для игры Atomic Heart уже был создан ранее. Ложный вызов.
2025-10-09 19:22:16,664 - INFO - Added job "time_task_to_resave" to job store "default"
2025-10-09 19:22:16,664 - INFO - Начато наблюдение за программой: eldenring.exe
2025-10-09 19:22:16,664 - INFO - Создан таск для игры Cult Of The Lamb с частотой 3 месяца.
2025-10-09 19:22:16,664 - DEBUG - Looking for jobs to run
2025-10-09 19:22:16,686 - DEBUG - Next wakeup is due at 2025-10-10 19:22:16.593094+05:00 (in 86399.906709 seconds)
2025-10-09 19:22:16,697 - WARNING - Таск для игры Cult Of The Lamb уже был создан ранее. Ложный вызов.
2025-10-09 19:22:16,728 - INFO - Added job "time_task_to_resave" to job store "default"
2025-10-09 19:22:16,739 - INFO - Создан таск для игры Elden Ring с частотой 3 дней.
2025-10-09 19:22:16,739 - DEBUG - Looking for jobs to run
2025-10-09 19:22:16,749 - DEBUG - Next wakeup is due at 2025-10-10 19:22:16.593094+05:00 (in 86399.843483 seconds)
2025-10-09 19:22:16,749 - WARNING - Таск для игры Elden Ring уже был создан ранее. Ложный вызов.
2025-10-09 19:22:16,760 - INFO - Added job "time_task_to_resave" to job store "default"
2025-10-09 19:22:16,760 - INFO - Создан таск для игры Horizon Zero Dawn с частотой 6 месяцев.
2025-10-09 19:22:16,770 - DEBUG - Looking for jobs to run
2025-10-09 19:22:16,770 - DEBUG - Next wakeup is due at 2025-10-10 19:22:16.593094+05:00 (in 86399.822175 seconds)
2025-10-09 19:22:16,770 - WARNING - Таск для игры Horizon Zero Dawn уже был создан ранее. Ложный вызов.
2025-10-09 19:22:16,781 - INFO - Added job "time_task_to_resave" to job store "default"
2025-10-09 19:22:16,790 - INFO - Создан таск для игры Satisfactory с частотой 6 месяцев.
2025-10-09 19:22:16,791 - DEBUG - Looking for jobs to run
2025-10-09 19:22:16,801 - WARNING - Таск для игры Satisfactory уже был создан ранее. Ложный вызов.
2025-10-09 19:22:16,801 - DEBUG - Next wakeup is due at 2025-10-10 19:22:16.593094+05:00 (in 86399.791596 seconds)
2025-10-09 19:22:16,801 - INFO - Added job "time_task_to_resave" to job store "default"
2025-10-09 19:22:16,811 - INFO - Создан таск для игры The Planet Crafter с частотой 4 недели.
2025-10-09 19:22:16,811 - DEBUG - Looking for jobs to run
2025-10-09 19:22:16,811 - DEBUG - Next wakeup is due at 2025-10-10 19:22:16.593094+05:00 (in 86399.781426 seconds)
2025-10-09 19:22:16,811 - WARNING - Таск для игры The Planet Crafter уже был создан ранее. Ложный вызов.
2025-10-09 19:22:16,822 - INFO - Added job "time_task_to_resave" to job store "default"
2025-10-09 19:22:16,822 - INFO - Создан таск для игры Voices of the Void с частотой 9 дней.
2025-10-09 19:22:16,822 - DEBUG - Looking for jobs to run
2025-10-09 19:22:16,833 - DEBUG - Next wakeup is due at 2025-10-10 19:22:16.593094+05:00 (in 86399.759968 seconds)
2025-10-09 19:22:16,833 - WARNING - Таск для игры Voices of the Void уже был создан ранее. Ложный вызов.
2025-10-09 19:22:16,843 - INFO - Процесс Atomic Heart запущен.
2025-10-09 19:22:16,853 - INFO - Процесс Cult Of The Lamb запущен.
2025-10-09 19:22:16,864 - INFO - Процесс Elden Ring запущен.
2025-10-09 19:22:16,864 - INFO - Процесс Horizon Zero Dawn запущен.
2025-10-09 19:22:16,875 - INFO - Процесс Satisfactory запущен.
2025-10-09 19:22:16,887 - INFO - Процесс The Planet Crafter запущен.
2025-10-09 19:22:16,904 - INFO - Процесс Voices of the Void запущен.
2025-10-09 19:22:19,453 - INFO - Начато наблюдение за программой: start_protected_game.exe
2025-10-09 19:22:19,510 - INFO - Начато наблюдение за программой: Planet Crafter.exe
2025-10-09 19:22:19,569 - INFO - Начато наблюдение за программой: UnityCrashHandler64.exe
2025-10-09 19:22:19,650 - INFO - Начато наблюдение за программой: FactoryGameSteam.exe
2025-10-09 19:22:19,740 - INFO - Начато наблюдение за программой: HorizonZeroDawn.exe
2025-10-09 19:22:19,812 - INFO - Начато наблюдение за программой: Cult Of The Lamb.exe
2025-10-09 19:22:19,865 - INFO - Начато наблюдение за программой: UnityCrashHandler64.exe
2025-10-09 19:22:19,923 - INFO - Начато наблюдение за программой: VotV.exe
2025-10-09 19:33:44,923 - INFO - Scheduler started
2025-10-09 19:33:44,923 - DEBUG - Looking for jobs to run
2025-10-09 19:33:44,923 - DEBUG - No jobs; waiting until a job is added
2025-10-09 19:33:44,925 - INFO - Added job "time_task_to_resave" to job store "default"
2025-10-09 19:33:44,925 - INFO - Создан таск для игры Atomic Heart с частотой 1 день.
2025-10-09 19:33:44,925 - DEBUG - Looking for jobs to run
2025-10-09 19:33:44,926 - DEBUG - Next wakeup is due at 2025-10-10 19:33:44.925682+05:00 (in 86399.999649 seconds)
2025-10-09 19:33:44,926 - WARNING - Таск для игры Atomic Heart уже был создан ранее. Ложный вызов.
2025-10-09 19:33:44,926 - INFO - Added job "time_task_to_resave" to job store "default"
2025-10-09 19:33:44,926 - INFO - Создан таск для игры Cult Of The Lamb с частотой 3 месяца.
2025-10-09 19:33:44,926 - DEBUG - Looking for jobs to run
2025-10-09 19:33:44,926 - DEBUG - Next wakeup is due at 2025-10-10 19:33:44.925682+05:00 (in 86399.999177 seconds)
2025-10-09 19:33:44,926 - WARNING - Таск для игры Cult Of The Lamb уже был создан ранее. Ложный вызов.
2025-10-09 19:33:44,926 - INFO - Added job "time_task_to_resave" to job store "default"
2025-10-09 19:33:44,926 - INFO - Создан таск для игры Elden Ring с частотой 3 дней.
2025-10-09 19:33:44,926 - DEBUG - Looking for jobs to run
2025-10-09 19:33:44,926 - DEBUG - Next wakeup is due at 2025-10-10 19:33:44.925682+05:00 (in 86399.998819 seconds)
2025-10-09 19:33:44,926 - WARNING - Таск для игры Elden Ring уже был создан ранее. Ложный вызов.
2025-10-09 19:33:44,927 - INFO - Added job "time_task_to_resave" to job store "default"
2025-10-09 19:33:44,927 - INFO - Создан таск для игры Horizon Zero Dawn с частотой 6 месяцев.
2025-10-09 19:33:44,927 - DEBUG - Looking for jobs to run
2025-10-09 19:33:44,927 - DEBUG - Next wakeup is due at 2025-10-10 19:33:44.925682+05:00 (in 86399.998464 seconds)
2025-10-09 19:33:44,927 - WARNING - Таск для игры Horizon Zero Dawn уже был создан ранее. Ложный вызов.
2025-10-09 19:33:44,927 - INFO - Added job "time_task_to_resave" to job store "default"
2025-10-09 19:33:44,927 - INFO - Создан таск для игры Satisfactory с частотой 6 месяцев.
2025-10-09 19:33:44,927 - DEBUG - Looking for jobs to run
2025-10-09 19:33:44,927 - DEBUG - Next wakeup is due at 2025-10-10 19:33:44.925682+05:00 (in 86399.998137 seconds)
2025-10-09 19:33:44,927 - WARNING - Таск для игры Satisfactory уже был создан ранее. Ложный вызов.
2025-10-09 19:33:44,927 - INFO - Added job "time_task_to_resave" to job store "default"
2025-10-09 19:33:44,927 - INFO - Создан таск для игры The Planet Crafter с частотой 4 недели.
2025-10-09 19:33:44,927 - DEBUG - Looking for jobs to run
2025-10-09 19:33:44,927 - DEBUG - Next wakeup is due at 2025-10-10 19:33:44.925682+05:00 (in 86399.997827 seconds)
2025-10-09 19:33:44,927 - WARNING - Таск для игры The Planet Crafter уже был создан ранее. Ложный вызов.
2025-10-09 19:33:44,928 - INFO - Added job "time_task_to_resave" to job store "default"
2025-10-09 19:33:44,928 - INFO - Создан таск для игры Voices of the Void с частотой 9 дней.
2025-10-09 19:33:44,928 - DEBUG - Looking for jobs to run
2025-10-09 19:33:44,928 - DEBUG - Next wakeup is due at 2025-10-10 19:33:44.925682+05:00 (in 86399.997471 seconds)
2025-10-09 19:33:44,928 - WARNING - Таск для игры Voices of the Void уже был создан ранее. Ложный вызов.
2025-10-09 19:33:44,929 - INFO - Процесс Atomic Heart запущен.
2025-10-09 19:33:44,930 - INFO - Процесс Cult Of The Lamb запущен.
2025-10-09 19:33:44,930 - INFO - Процесс Elden Ring запущен.
2025-10-09 19:33:44,930 - INFO - Процесс Horizon Zero Dawn запущен.
2025-10-09 19:33:44,930 - INFO - Процесс Satisfactory запущен.
2025-10-09 19:33:44,930 - INFO - Процесс The Planet Crafter запущен.
2025-10-09 19:33:44,930 - INFO - Процесс Voices of the Void запущен.
2025-10-09 19:33:44,931 - ERROR - Для игры Atomic Heart не указана директория с самой игрой!
2025-10-09 19:33:44,993 - DEBUG - Using proactor: IocpProactor
2025-10-09 19:33:44,993 - INFO - Scheduler started
2025-10-09 19:33:44,994 - DEBUG - Looking for jobs to run
2025-10-09 19:33:44,994 - DEBUG - No jobs; waiting until a job is added
2025-10-09 19:33:44,994 - INFO - Added job "time_task_to_resave" to job store "default"
2025-10-09 19:33:44,994 - INFO - Создан таск для игры Atomic Heart с частотой 1 день.
2025-10-09 19:33:44,994 - DEBUG - Looking for jobs to run
2025-10-09 19:33:44,994 - DEBUG - Next wakeup is due at 2025-10-10 19:33:44.925682+05:00 (in 86399.930853 seconds)
2025-10-09 19:33:44,995 - INFO - Начато наблюдение за программой: eldenring.exe
2025-10-09 19:33:44,995 - WARNING - Таск для игры Atomic Heart уже был создан ранее. Ложный вызов.
2025-10-09 19:33:45,016 - INFO - Added job "time_task_to_resave" to job store "default"
2025-10-09 19:33:45,016 - INFO - Создан таск для игры Cult Of The Lamb с частотой 3 месяца.
2025-10-09 19:33:45,017 - DEBUG - Looking for jobs to run
2025-10-09 19:33:45,017 - DEBUG - Next wakeup is due at 2025-10-10 19:33:44.925682+05:00 (in 86399.908568 seconds)
2025-10-09 19:33:45,017 - WARNING - Таск для игры Cult Of The Lamb уже был создан ранее. Ложный вызов.
2025-10-09 19:33:45,072 - INFO - Added job "time_task_to_resave" to job store "default"
2025-10-09 19:33:45,072 - INFO - Создан таск для игры Elden Ring с частотой 3 дней.
2025-10-09 19:33:45,072 - DEBUG - Looking for jobs to run
2025-10-09 19:33:45,083 - DEBUG - Next wakeup is due at 2025-10-10 19:33:44.925682+05:00 (in 86399.842027 seconds)
2025-10-09 19:33:45,083 - WARNING - Таск для игры Elden Ring уже был создан ранее. Ложный вызов.
2025-10-09 19:33:45,094 - INFO - Added job "time_task_to_resave" to job store "default"
2025-10-09 19:33:45,094 - INFO - Создан таск для игры Horizon Zero Dawn с частотой 6 месяцев.
2025-10-09 19:33:45,094 - DEBUG - Looking for jobs to run
2025-10-09 19:33:45,105 - DEBUG - Next wakeup is due at 2025-10-10 19:33:44.925682+05:00 (in 86399.820636 seconds)
2025-10-09 19:33:45,105 - WARNING - Таск для игры Horizon Zero Dawn уже был создан ранее. Ложный вызов.
2025-10-09 19:33:45,115 - INFO - Added job "time_task_to_resave" to job store "default"
2025-10-09 19:33:45,116 - INFO - Создан таск для игры Satisfactory с частотой 6 месяцев.
2025-10-09 19:33:45,116 - DEBUG - Looking for jobs to run
2025-10-09 19:33:45,126 - DEBUG - Next wakeup is due at 2025-10-10 19:33:44.925682+05:00 (in 86399.799006 seconds)
2025-10-09 19:33:45,126 - WARNING - Таск для игры Satisfactory уже был создан ранее. Ложный вызов.
2025-10-09 19:33:45,137 - INFO - Added job "time_task_to_resave" to job store "default"
2025-10-09 19:33:45,137 - INFO - Создан таск для игры The Planet Crafter с частотой 4 недели.
2025-10-09 19:33:45,137 - DEBUG - Looking for jobs to run
2025-10-09 19:33:45,148 - DEBUG - Next wakeup is due at 2025-10-10 19:33:44.925682+05:00 (in 86399.777489 seconds)
2025-10-09 19:33:45,148 - WARNING - Таск для игры The Planet Crafter уже был создан ранее. Ложный вызов.
2025-10-09 19:33:45,159 - INFO - Added job "time_task_to_resave" to job store "default"
2025-10-09 19:33:45,159 - INFO - Создан таск для игры Voices of the Void с частотой 9 дней.
2025-10-09 19:33:45,169 - DEBUG - Looking for jobs to run
2025-10-09 19:33:45,179 - DEBUG - Next wakeup is due at 2025-10-10 19:33:44.925682+05:00 (in 86399.745893 seconds)
2025-10-09 19:33:45,179 - WARNING - Таск для игры Voices of the Void уже был создан ранее. Ложный вызов.
2025-10-09 19:33:45,190 - INFO - Процесс Atomic Heart запущен.
2025-10-09 19:33:45,200 - INFO - Процесс Cult Of The Lamb запущен.
2025-10-09 19:33:45,200 - INFO - Процесс Elden Ring запущен.
2025-10-09 19:33:45,211 - INFO - Процесс Horizon Zero Dawn запущен.
2025-10-09 19:33:45,222 - INFO - Процесс Satisfactory запущен.
2025-10-09 19:33:45,232 - INFO - Процесс The Planet Crafter запущен.
2025-10-09 19:33:45,243 - INFO - Процесс Voices of the Void запущен.
2025-10-09 19:33:48,078 - INFO - Начато наблюдение за программой: start_protected_game.exe
2025-10-09 19:33:48,141 - INFO - Начато наблюдение за программой: Planet Crafter.exe
2025-10-09 19:33:48,200 - INFO - Начато наблюдение за программой: UnityCrashHandler64.exe
2025-10-09 19:33:48,256 - INFO - Начато наблюдение за программой: FactoryGameSteam.exe
2025-10-09 19:33:48,312 - INFO - Начато наблюдение за программой: HorizonZeroDawn.exe
2025-10-09 19:33:48,412 - INFO - Начато наблюдение за программой: Cult Of The Lamb.exe
2025-10-09 19:33:48,467 - INFO - Начато наблюдение за программой: UnityCrashHandler64.exe
2025-10-09 19:33:48,521 - INFO - Начато наблюдение за программой: VotV.exe
2025-10-09 19:36:23,109 - INFO - Scheduler started
2025-10-09 19:36:23,110 - DEBUG - Looking for jobs to run
2025-10-09 19:36:23,110 - DEBUG - No jobs; waiting until a job is added
2025-10-09 19:36:23,112 - INFO - Added job "time_task_to_resave" to job store "default"
2025-10-09 19:36:23,112 - INFO - Создан таск для игры Atomic Heart с частотой 1 день.
2025-10-09 19:36:23,112 - DEBUG - Looking for jobs to run
2025-10-09 19:36:23,112 - DEBUG - Next wakeup is due at 2025-10-10 19:36:23.111922+05:00 (in 86399.999662 seconds)
2025-10-09 19:36:23,112 - WARNING - Таск для игры Atomic Heart уже был создан ранее. Ложный вызов.
2025-10-09 19:36:23,112 - INFO - Added job "time_task_to_resave" to job store "default"
2025-10-09 19:36:23,112 - INFO - Создан таск для игры Cult Of The Lamb с частотой 3 месяца.
2025-10-09 19:36:23,112 - DEBUG - Looking for jobs to run
2025-10-09 19:36:23,112 - DEBUG - Next wakeup is due at 2025-10-10 19:36:23.111922+05:00 (in 86399.999220 seconds)
2025-10-09 19:36:23,112 - WARNING - Таск для игры Cult Of The Lamb уже был создан ранее. Ложный вызов.
2025-10-09 19:36:23,112 - INFO - Added job "time_task_to_resave" to job store "default"
2025-10-09 19:36:23,112 - INFO - Создан таск для игры Elden Ring с частотой 3 дней.
2025-10-09 19:36:23,112 - DEBUG - Looking for jobs to run
2025-10-09 19:36:23,113 - DEBUG - Next wakeup is due at 2025-10-10 19:36:23.111922+05:00 (in 86399.998870 seconds)
2025-10-09 19:36:23,113 - WARNING - Таск для игры Elden Ring уже был создан ранее. Ложный вызов.
2025-10-09 19:36:23,113 - INFO - Added job "time_task_to_resave" to job store "default"
2025-10-09 19:36:23,113 - INFO - Создан таск для игры Horizon Zero Dawn с частотой 6 месяцев.
2025-10-09 19:36:23,113 - DEBUG - Looking for jobs to run
2025-10-09 19:36:23,113 - DEBUG - Next wakeup is due at 2025-10-10 19:36:23.111922+05:00 (in 86399.998470 seconds)
2025-10-09 19:36:23,113 - WARNING - Таск для игры Horizon Zero Dawn уже был создан ранее. Ложный вызов.
2025-10-09 19:36:23,113 - INFO - Added job "time_task_to_resave" to job store "default"
2025-10-09 19:36:23,113 - INFO - Создан таск для игры Satisfactory с частотой 6 месяцев.
2025-10-09 19:36:23,113 - DEBUG - Looking for jobs to run
2025-10-09 19:36:23,113 - DEBUG - Next wakeup is due at 2025-10-10 19:36:23.111922+05:00 (in 86399.998094 seconds)
2025-10-09 19:36:23,113 - WARNING - Таск для игры Satisfactory уже был создан ранее. Ложный вызов.
2025-10-09 19:36:23,114 - INFO - Added job "time_task_to_resave" to job store "default"
2025-10-09 19:36:23,114 - INFO - Создан таск для игры The Planet Crafter с частотой 4 недели.
2025-10-09 19:36:23,114 - DEBUG - Looking for jobs to run
2025-10-09 19:36:23,114 - DEBUG - Next wakeup is due at 2025-10-10 19:36:23.111922+05:00 (in 86399.997745 seconds)
2025-10-09 19:36:23,114 - WARNING - Таск для игры The Planet Crafter уже был создан ранее. Ложный вызов.
2025-10-09 19:36:23,114 - INFO - Added job "time_task_to_resave" to job store "default"
2025-10-09 19:36:23,114 - INFO - Создан таск для игры Voices of the Void с частотой 9 дней.
2025-10-09 19:36:23,114 - DEBUG - Looking for jobs to run
2025-10-09 19:36:23,114 - DEBUG - Next wakeup is due at 2025-10-10 19:36:23.111922+05:00 (in 86399.997411 seconds)
2025-10-09 19:36:23,114 - WARNING - Таск для игры Voices of the Void уже был создан ранее. Ложный вызов.
2025-10-09 19:36:23,116 - INFO - Процесс Atomic Heart запущен.
2025-10-09 19:36:23,116 - INFO - Процесс Cult Of The Lamb запущен.
2025-10-09 19:36:23,116 - INFO - Процесс Elden Ring запущен.
2025-10-09 19:36:23,116 - INFO - Процесс Horizon Zero Dawn запущен.
2025-10-09 19:36:23,116 - INFO - Процесс Satisfactory запущен.
2025-10-09 19:36:23,116 - INFO - Процесс The Planet Crafter запущен.
2025-10-09 19:36:23,116 - INFO - Процесс Voices of the Void запущен.
2025-10-09 19:36:23,118 - ERROR - Для игры Atomic Heart не указана директория с самой игрой!
2025-10-09 19:36:23,182 - DEBUG - Using proactor: IocpProactor
2025-10-09 19:36:23,182 - INFO - Scheduler started
2025-10-09 19:36:23,183 - DEBUG - Looking for jobs to run
2025-10-09 19:36:23,183 - DEBUG - No jobs; waiting until a job is added
2025-10-09 19:36:23,183 - INFO - Added job "time_task_to_resave" to job store "default"
2025-10-09 19:36:23,184 - INFO - Создан таск для игры Atomic Heart с частотой 1 день.
2025-10-09 19:36:23,184 - DEBUG - Looking for jobs to run
2025-10-09 19:36:23,184 - DEBUG - Next wakeup is due at 2025-10-10 19:36:23.111922+05:00 (in 86399.927707 seconds)
2025-10-09 19:36:23,184 - WARNING - Таск для игры Atomic Heart уже был создан ранее. Ложный вызов.
2025-10-09 19:36:23,184 - INFO - Added job "time_task_to_resave" to job store "default"
2025-10-09 19:36:23,184 - INFO - Начато наблюдение за программой: eldenring.exe
2025-10-09 19:36:23,184 - INFO - Создан таск для игры Cult Of The Lamb с частотой 3 месяца.
2025-10-09 19:36:23,184 - DEBUG - Looking for jobs to run
2025-10-09 19:36:23,249 - WARNING - Таск для игры Cult Of The Lamb уже был создан ранее. Ложный вызов.
2025-10-09 19:36:23,249 - DEBUG - Next wakeup is due at 2025-10-10 19:36:23.111922+05:00 (in 86399.862118 seconds)
2025-10-09 19:36:23,262 - INFO - Added job "time_task_to_resave" to job store "default"
2025-10-09 19:36:23,272 - INFO - Создан таск для игры Elden Ring с частотой 3 дней.
2025-10-09 19:36:23,272 - DEBUG - Looking for jobs to run
2025-10-09 19:36:23,282 - DEBUG - Next wakeup is due at 2025-10-10 19:36:23.111922+05:00 (in 86399.829248 seconds)
2025-10-09 19:36:23,282 - WARNING - Таск для игры Elden Ring уже был создан ранее. Ложный вызов.
2025-10-09 19:36:23,293 - INFO - Added job "time_task_to_resave" to job store "default"
2025-10-09 19:36:23,304 - INFO - Создан таск для игры Horizon Zero Dawn с частотой 6 месяцев.
2025-10-09 19:36:23,304 - DEBUG - Looking for jobs to run
2025-10-09 19:36:23,314 - DEBUG - Next wakeup is due at 2025-10-10 19:36:23.111922+05:00 (in 86399.797831 seconds)
2025-10-09 19:36:23,314 - WARNING - Таск для игры Horizon Zero Dawn уже был создан ранее. Ложный вызов.
2025-10-09 19:36:23,324 - INFO - Added job "time_task_to_resave" to job store "default"
2025-10-09 19:36:23,325 - INFO - Создан таск для игры Satisfactory с частотой 6 месяцев.
2025-10-09 19:36:23,325 - DEBUG - Looking for jobs to run
2025-10-09 19:36:23,335 - DEBUG - Next wakeup is due at 2025-10-10 19:36:23.111922+05:00 (in 86399.776118 seconds)
2025-10-09 19:36:23,335 - WARNING - Таск для игры Satisfactory уже был создан ранее. Ложный вызов.
2025-10-09 19:36:23,346 - INFO - Added job "time_task_to_resave" to job store "default"
2025-10-09 19:36:23,346 - INFO - Создан таск для игры The Planet Crafter с частотой 4 недели.
2025-10-09 19:36:23,346 - DEBUG - Looking for jobs to run
2025-10-09 19:36:23,356 - DEBUG - Next wakeup is due at 2025-10-10 19:36:23.111922+05:00 (in 86399.755228 seconds)
2025-10-09 19:36:23,356 - WARNING - Таск для игры The Planet Crafter уже был создан ранее. Ложный вызов.
2025-10-09 19:36:23,356 - INFO - Added job "time_task_to_resave" to job store "default"
2025-10-09 19:36:23,357 - INFO - Создан таск для игры Voices of the Void с частотой 9 дней.
2025-10-09 19:36:23,357 - DEBUG - Looking for jobs to run
2025-10-09 19:36:23,357 - DEBUG - Next wakeup is due at 2025-10-10 19:36:23.111922+05:00 (in 86399.754714 seconds)
2025-10-09 19:36:23,357 - WARNING - Таск для игры Voices of the Void уже был создан ранее. Ложный вызов.
2025-10-09 19:36:23,367 - INFO - Процесс Atomic Heart запущен.
2025-10-09 19:36:23,377 - INFO - Процесс Cult Of The Lamb запущен.
2025-10-09 19:36:23,388 - INFO - Процесс Elden Ring запущен.
2025-10-09 19:36:23,388 - INFO - Процесс Horizon Zero Dawn запущен.
2025-10-09 19:36:23,399 - INFO - Процесс Satisfactory запущен.
2025-10-09 19:36:23,409 - INFO - Процесс The Planet Crafter запущен.
2025-10-09 19:36:23,420 - INFO - Процесс Voices of the Void запущен.
2025-10-09 19:36:26,124 - INFO - Начато наблюдение за программой: start_protected_game.exe
2025-10-09 19:36:26,182 - INFO - Начато наблюдение за программой: Planet Crafter.exe
2025-10-09 19:36:26,238 - INFO - Начато наблюдение за программой: UnityCrashHandler64.exe
2025-10-09 19:36:26,294 - INFO - Начато наблюдение за программой: FactoryGameSteam.exe
2025-10-09 19:36:26,348 - INFO - Начато наблюдение за программой: HorizonZeroDawn.exe
2025-10-09 19:36:26,401 - INFO - Начато наблюдение за программой: Cult Of The Lamb.exe
2025-10-09 19:36:26,453 - INFO - Начато наблюдение за программой: UnityCrashHandler64.exe
2025-10-09 19:36:26,509 - INFO - Начато наблюдение за программой: VotV.exe
2025-10-09 19:38:31,898 - INFO - Scheduler started
2025-10-09 19:38:31,898 - DEBUG - Looking for jobs to run
2025-10-09 19:38:31,898 - DEBUG - No jobs; waiting until a job is added
2025-10-09 19:38:31,900 - INFO - Added job "time_task_to_resave" to job store "default"
2025-10-09 19:38:31,901 - INFO - Создан таск для игры Atomic Heart с частотой 1 день.
2025-10-09 19:38:31,901 - DEBUG - Looking for jobs to run
2025-10-09 19:38:31,901 - DEBUG - Next wakeup is due at 2025-10-10 19:38:31.900655+05:00 (in 86399.999440 seconds)
2025-10-09 19:38:31,901 - WARNING - Таск для игры Atomic Heart уже был создан ранее. Ложный вызов.
2025-10-09 19:38:31,901 - INFO - Added job "time_task_to_resave" to job store "default"
2025-10-09 19:38:31,901 - INFO - Создан таск для игры Cult Of The Lamb с частотой 3 месяца.
2025-10-09 19:38:31,901 - DEBUG - Looking for jobs to run
2025-10-09 19:38:31,902 - DEBUG - Next wakeup is due at 2025-10-10 19:38:31.900655+05:00 (in 86399.998617 seconds)
2025-10-09 19:38:31,902 - WARNING - Таск для игры Cult Of The Lamb уже был создан ранее. Ложный вызов.
2025-10-09 19:38:31,902 - INFO - Added job "time_task_to_resave" to job store "default"
2025-10-09 19:38:31,902 - INFO - Создан таск для игры Elden Ring с частотой 3 дней.
2025-10-09 19:38:31,902 - DEBUG - Looking for jobs to run
2025-10-09 19:38:31,902 - DEBUG - Next wakeup is due at 2025-10-10 19:38:31.900655+05:00 (in 86399.998152 seconds)
2025-10-09 19:38:31,902 - WARNING - Таск для игры Elden Ring уже был создан ранее. Ложный вызов.
2025-10-09 19:38:31,902 - INFO - Added job "time_task_to_resave" to job store "default"
2025-10-09 19:38:31,902 - INFO - Создан таск для игры Horizon Zero Dawn с частотой 6 месяцев.
2025-10-09 19:38:31,902 - DEBUG - Looking for jobs to run
2025-10-09 19:38:31,902 - DEBUG - Next wakeup is due at 2025-10-10 19:38:31.900655+05:00 (in 86399.997718 seconds)
2025-10-09 19:38:31,903 - WARNING - Таск для игры Horizon Zero Dawn уже был создан ранее. Ложный вызов.
2025-10-09 19:38:31,903 - INFO - Added job "time_task_to_resave" to job store "default"
2025-10-09 19:38:31,903 - INFO - Создан таск для игры Satisfactory с частотой 6 месяцев.
2025-10-09 19:38:31,903 - DEBUG - Looking for jobs to run
2025-10-09 19:38:31,903 - DEBUG - Next wakeup is due at 2025-10-10 19:38:31.900655+05:00 (in 86399.997373 seconds)
2025-10-09 19:38:31,903 - WARNING - Таск для игры Satisfactory уже был создан ранее. Ложный вызов.
2025-10-09 19:38:31,903 - INFO - Added job "time_task_to_resave" to job store "default"
2025-10-09 19:38:31,903 - INFO - Создан таск для игры The Planet Crafter с частотой 4 недели.
2025-10-09 19:38:31,903 - DEBUG - Looking for jobs to run
2025-10-09 19:38:31,903 - DEBUG - Next wakeup is due at 2025-10-10 19:38:31.900655+05:00 (in 86399.997013 seconds)
2025-10-09 19:38:31,903 - WARNING - Таск для игры The Planet Crafter уже был создан ранее. Ложный вызов.
2025-10-09 19:38:31,903 - INFO - Added job "time_task_to_resave" to job store "default"
2025-10-09 19:38:31,903 - INFO - Создан таск для игры Voices of the Void с частотой 9 дней.
2025-10-09 19:38:31,903 - DEBUG - Looking for jobs to run
2025-10-09 19:38:31,904 - DEBUG - Next wakeup is due at 2025-10-10 19:38:31.900655+05:00 (in 86399.996628 seconds)
2025-10-09 19:38:31,904 - WARNING - Таск для игры Voices of the Void уже был создан ранее. Ложный вызов.
2025-10-09 19:38:31,905 - INFO - Процесс Atomic Heart запущен.
2025-10-09 19:38:31,906 - INFO - Процесс Cult Of The Lamb запущен.
2025-10-09 19:38:31,906 - INFO - Процесс Elden Ring запущен.
2025-10-09 19:38:31,906 - INFO - Процесс Horizon Zero Dawn запущен.
2025-10-09 19:38:31,906 - INFO - Процесс Satisfactory запущен.
2025-10-09 19:38:31,906 - INFO - Процесс The Planet Crafter запущен.
2025-10-09 19:38:31,906 - INFO - Процесс Voices of the Void запущен.
2025-10-09 19:38:31,907 - ERROR - Для игры Atomic Heart не указана директория с самой игрой!
2025-10-09 19:38:31,985 - DEBUG - Using proactor: IocpProactor
2025-10-09 19:38:31,985 - INFO - Scheduler started
2025-10-09 19:38:31,986 - DEBUG - Looking for jobs to run
2025-10-09 19:38:31,986 - DEBUG - No jobs; waiting until a job is added
2025-10-09 19:38:31,986 - INFO - Added job "time_task_to_resave" to job store "default"
2025-10-09 19:38:31,986 - INFO - Создан таск для игры Atomic Heart с частотой 1 день.
2025-10-09 19:38:31,986 - DEBUG - Looking for jobs to run
2025-10-09 19:38:31,986 - DEBUG - Next wakeup is due at 2025-10-10 19:38:31.900655+05:00 (in 86399.913774 seconds)
2025-10-09 19:38:31,986 - WARNING - Таск для игры Atomic Heart уже был создан ранее. Ложный вызов.
2025-10-09 19:38:31,987 - INFO - Added job "time_task_to_resave" to job store "default"
2025-10-09 19:38:31,987 - INFO - Начато наблюдение за программой: eldenring.exe
2025-10-09 19:38:31,987 - INFO - Создан таск для игры Cult Of The Lamb с частотой 3 месяца.
2025-10-09 19:38:31,987 - DEBUG - Looking for jobs to run
2025-10-09 19:38:32,042 - DEBUG - Next wakeup is due at 2025-10-10 19:38:31.900655+05:00 (in 86399.857966 seconds)
2025-10-09 19:38:32,042 - WARNING - Таск для игры Cult Of The Lamb уже был создан ранее. Ложный вызов.
2025-10-09 19:38:32,065 - INFO - Added job "time_task_to_resave" to job store "default"
2025-10-09 19:38:32,065 - INFO - Создан таск для игры Elden Ring с частотой 3 дней.
2025-10-09 19:38:32,075 - DEBUG - Looking for jobs to run
2025-10-09 19:38:32,086 - WARNING - Таск для игры Elden Ring уже был создан ранее. Ложный вызов.
2025-10-09 19:38:32,086 - DEBUG - Next wakeup is due at 2025-10-10 19:38:31.900655+05:00 (in 86399.813992 seconds)
2025-10-09 19:38:32,097 - INFO - Added job "time_task_to_resave" to job store "default"
2025-10-09 19:38:32,097 - INFO - Создан таск для игры Horizon Zero Dawn с частотой 6 месяцев.
2025-10-09 19:38:32,097 - DEBUG - Looking for jobs to run
2025-10-09 19:38:32,097 - DEBUG - Next wakeup is due at 2025-10-10 19:38:31.900655+05:00 (in 86399.803314 seconds)
2025-10-09 19:38:32,108 - WARNING - Таск для игры Horizon Zero Dawn уже был создан ранее. Ложный вызов.
2025-10-09 19:38:32,118 - INFO - Added job "time_task_to_resave" to job store "default"
2025-10-09 19:38:32,118 - INFO - Создан таск для игры Satisfactory с частотой 6 месяцев.
2025-10-09 19:38:32,118 - DEBUG - Looking for jobs to run
2025-10-09 19:38:32,129 - DEBUG - Next wakeup is due at 2025-10-10 19:38:31.900655+05:00 (in 86399.771529 seconds)
2025-10-09 19:38:32,129 - WARNING - Таск для игры Satisfactory уже был создан ранее. Ложный вызов.
2025-10-09 19:38:32,129 - INFO - Added job "time_task_to_resave" to job store "default"
2025-10-09 19:38:32,129 - INFO - Создан таск для игры The Planet Crafter с частотой 4 недели.
2025-10-09 19:38:32,129 - DEBUG - Looking for jobs to run
2025-10-09 19:38:32,129 - DEBUG - Next wakeup is due at 2025-10-10 19:38:31.900655+05:00 (in 86399.770875 seconds)
2025-10-09 19:38:32,140 - WARNING - Таск для игры The Planet Crafter уже был создан ранее. Ложный вызов.
2025-10-09 19:38:32,151 - INFO - Added job "time_task_to_resave" to job store "default"
2025-10-09 19:38:32,151 - INFO - Создан таск для игры Voices of the Void с частотой 9 дней.
2025-10-09 19:38:32,151 - DEBUG - Looking for jobs to run
2025-10-09 19:38:32,162 - DEBUG - Next wakeup is due at 2025-10-10 19:38:31.900655+05:00 (in 86399.738101 seconds)
2025-10-09 19:38:32,162 - WARNING - Таск для игры Voices of the Void уже был создан ранее. Ложный вызов.
2025-10-09 19:38:32,173 - INFO - Процесс Atomic Heart запущен.
2025-10-09 19:38:32,196 - INFO - Процесс Cult Of The Lamb запущен.
2025-10-09 19:38:32,196 - INFO - Процесс Elden Ring запущен.
2025-10-09 19:38:32,207 - INFO - Процесс Horizon Zero Dawn запущен.
2025-10-09 19:38:32,207 - INFO - Процесс Satisfactory запущен.
2025-10-09 19:38:32,217 - INFO - Процесс The Planet Crafter запущен.
2025-10-09 19:38:32,228 - INFO - Процесс Voices of the Void запущен.
2025-10-09 19:38:34,843 - INFO - Начато наблюдение за программой: start_protected_game.exe
2025-10-09 19:38:34,900 - INFO - Начато наблюдение за программой: Planet Crafter.exe
2025-10-09 19:38:34,955 - INFO - Начато наблюдение за программой: UnityCrashHandler64.exe
2025-10-09 19:38:35,011 - INFO - Начато наблюдение за программой: FactoryGameSteam.exe
2025-10-09 19:38:35,097 - INFO - Начато наблюдение за программой: HorizonZeroDawn.exe
2025-10-09 19:38:35,162 - INFO - Начато наблюдение за программой: Cult Of The Lamb.exe
2025-10-09 19:38:35,230 - INFO - Начато наблюдение за программой: UnityCrashHandler64.exe
2025-10-09 19:38:35,284 - INFO - Начато наблюдение за программой: VotV.exe
2025-10-09 19:39:20,580 - INFO - Scheduler started
2025-10-09 19:39:20,580 - DEBUG - Looking for jobs to run
2025-10-09 19:39:20,580 - DEBUG - No jobs; waiting until a job is added
2025-10-09 19:39:20,582 - INFO - Added job "time_task_to_resave" to job store "default"
2025-10-09 19:39:20,583 - INFO - Создан таск для игры Atomic Heart с частотой 1 день.
2025-10-09 19:39:20,583 - DEBUG - Looking for jobs to run
2025-10-09 19:39:20,583 - DEBUG - Next wakeup is due at 2025-10-10 19:39:20.582809+05:00 (in 86399.999606 seconds)
2025-10-09 19:39:20,583 - WARNING - Таск для игры Atomic Heart уже был создан ранее. Ложный вызов.
2025-10-09 19:39:20,583 - INFO - Added job "time_task_to_resave" to job store "default"
2025-10-09 19:39:20,583 - INFO - Создан таск для игры Cult Of The Lamb с частотой 3 месяца.
2025-10-09 19:39:20,583 - DEBUG - Looking for jobs to run
2025-10-09 19:39:20,583 - DEBUG - Next wakeup is due at 2025-10-10 19:39:20.582809+05:00 (in 86399.999146 seconds)
2025-10-09 19:39:20,583 - WARNING - Таск для игры Cult Of The Lamb уже был создан ранее. Ложный вызов.
2025-10-09 19:39:20,583 - INFO - Added job "time_task_to_resave" to job store "default"
2025-10-09 19:39:20,584 - INFO - Создан таск для игры Elden Ring с частотой 3 дней.
2025-10-09 19:39:20,584 - DEBUG - Looking for jobs to run
2025-10-09 19:39:20,584 - DEBUG - Next wakeup is due at 2025-10-10 19:39:20.582809+05:00 (in 86399.998692 seconds)
2025-10-09 19:39:20,584 - WARNING - Таск для игры Elden Ring уже был создан ранее. Ложный вызов.
2025-10-09 19:39:20,584 - INFO - Added job "time_task_to_resave" to job store "default"
2025-10-09 19:39:20,584 - INFO - Создан таск для игры Horizon Zero Dawn с частотой 6 месяцев.
2025-10-09 19:39:20,584 - DEBUG - Looking for jobs to run
2025-10-09 19:39:20,584 - DEBUG - Next wakeup is due at 2025-10-10 19:39:20.582809+05:00 (in 86399.998318 seconds)
2025-10-09 19:39:20,584 - WARNING - Таск для игры Horizon Zero Dawn уже был создан ранее. Ложный вызов.
2025-10-09 19:39:20,584 - INFO - Added job "time_task_to_resave" to job store "default"
2025-10-09 19:39:20,584 - INFO - Создан таск для игры Satisfactory с частотой 6 месяцев.
2025-10-09 19:39:20,584 - DEBUG - Looking for jobs to run
2025-10-09 19:39:20,584 - DEBUG - Next wakeup is due at 2025-10-10 19:39:20.582809+05:00 (in 86399.997913 seconds)
2025-10-09 19:39:20,584 - WARNING - Таск для игры Satisfactory уже был создан ранее. Ложный вызов.
2025-10-09 19:39:20,585 - INFO - Added job "time_task_to_resave" to job store "default"
2025-10-09 19:39:20,585 - INFO - Создан таск для игры The Planet Crafter с частотой 4 недели.
2025-10-09 19:39:20,585 - DEBUG - Looking for jobs to run
2025-10-09 19:39:20,585 - DEBUG - Next wakeup is due at 2025-10-10 19:39:20.582809+05:00 (in 86399.997458 seconds)
2025-10-09 19:39:20,585 - WARNING - Таск для игры The Planet Crafter уже был создан ранее. Ложный вызов.
2025-10-09 19:39:20,585 - INFO - Added job "time_task_to_resave" to job store "default"
2025-10-09 19:39:20,585 - INFO - Создан таск для игры Voices of the Void с частотой 9 дней.
2025-10-09 19:39:20,585 - DEBUG - Looking for jobs to run
2025-10-09 19:39:20,585 - DEBUG - Next wakeup is due at 2025-10-10 19:39:20.582809+05:00 (in 86399.997073 seconds)
2025-10-09 19:39:20,585 - WARNING - Таск для игры Voices of the Void уже был создан ранее. Ложный вызов.
2025-10-09 19:39:20,587 - INFO - Процесс Atomic Heart запущен.
2025-10-09 19:39:20,587 - INFO - Процесс Cult Of The Lamb запущен.
2025-10-09 19:39:20,587 - INFO - Процесс Elden Ring запущен.
2025-10-09 19:39:20,587 - INFO - Процесс Horizon Zero Dawn запущен.
2025-10-09 19:39:20,587 - INFO - Процесс Satisfactory запущен.
2025-10-09 19:39:20,588 - INFO - Процесс The Planet Crafter запущен.
2025-10-09 19:39:20,588 - INFO - Процесс Voices of the Void запущен.
2025-10-09 19:39:20,589 - ERROR - Для игры Atomic Heart не указана директория с самой игрой!
2025-10-09 19:39:20,660 - DEBUG - Using proactor: IocpProactor
2025-10-09 19:39:20,660 - INFO - Scheduler started
2025-10-09 19:39:20,661 - DEBUG - Looking for jobs to run
2025-10-09 19:39:20,661 - DEBUG - No jobs; waiting until a job is added
2025-10-09 19:39:20,661 - INFO - Added job "time_task_to_resave" to job store "default"
2025-10-09 19:39:20,661 - INFO - Создан таск для игры Atomic Heart с частотой 1 день.
2025-10-09 19:39:20,661 - DEBUG - Looking for jobs to run
2025-10-09 19:39:20,662 - DEBUG - Next wakeup is due at 2025-10-10 19:39:20.582809+05:00 (in 86399.920797 seconds)
2025-10-09 19:39:20,662 - INFO - Начато наблюдение за программой: eldenring.exe
2025-10-09 19:39:20,673 - WARNING - Таск для игры Atomic Heart уже был создан ранее. Ложный вызов.
2025-10-09 19:39:20,727 - INFO - Added job "time_task_to_resave" to job store "default"
2025-10-09 19:39:20,727 - INFO - Создан таск для игры Cult Of The Lamb с частотой 3 месяца.
2025-10-09 19:39:20,727 - DEBUG - Looking for jobs to run
2025-10-09 19:39:20,727 - DEBUG - Next wakeup is due at 2025-10-10 19:39:20.582809+05:00 (in 86399.855453 seconds)
2025-10-09 19:39:20,739 - WARNING - Таск для игры Cult Of The Lamb уже был создан ранее. Ложный вызов.
2025-10-09 19:39:20,739 - INFO - Added job "time_task_to_resave" to job store "default"
2025-10-09 19:39:20,740 - INFO - Создан таск для игры Elden Ring с частотой 3 дней.
2025-10-09 19:39:20,750 - DEBUG - Looking for jobs to run
2025-10-09 19:39:20,750 - DEBUG - Next wakeup is due at 2025-10-10 19:39:20.582809+05:00 (in 86399.832234 seconds)
2025-10-09 19:39:20,761 - WARNING - Таск для игры Elden Ring уже был создан ранее. Ложный вызов.
2025-10-09 19:39:20,781 - INFO - Added job "time_task_to_resave" to job store "default"
2025-10-09 19:39:20,781 - INFO - Создан таск для игры Horizon Zero Dawn с частотой 6 месяцев.
2025-10-09 19:39:20,781 - DEBUG - Looking for jobs to run
2025-10-09 19:39:20,792 - DEBUG - Next wakeup is due at 2025-10-10 19:39:20.582809+05:00 (in 86399.790803 seconds)
2025-10-09 19:39:20,792 - WARNING - Таск для игры Horizon Zero Dawn уже был создан ранее. Ложный вызов.
2025-10-09 19:39:20,802 - INFO - Added job "time_task_to_resave" to job store "default"
2025-10-09 19:39:20,802 - INFO - Создан таск для игры Satisfactory с частотой 6 месяцев.
2025-10-09 19:39:20,802 - DEBUG - Looking for jobs to run
2025-10-09 19:39:20,812 - WARNING - Таск для игры Satisfactory уже был создан ранее. Ложный вызов.
2025-10-09 19:39:20,812 - DEBUG - Next wakeup is due at 2025-10-10 19:39:20.582809+05:00 (in 86399.770169 seconds)
2025-10-09 19:39:20,822 - INFO - Added job "time_task_to_resave" to job store "default"
2025-10-09 19:39:20,833 - INFO - Создан таск для игры The Planet Crafter с частотой 4 недели.
2025-10-09 19:39:20,833 - DEBUG - Looking for jobs to run
2025-10-09 19:39:20,844 - WARNING - Таск для игры The Planet Crafter уже был создан ранее. Ложный вызов.
2025-10-09 19:39:20,844 - DEBUG - Next wakeup is due at 2025-10-10 19:39:20.582809+05:00 (in 86399.738594 seconds)
2025-10-09 19:39:20,844 - INFO - Added job "time_task_to_resave" to job store "default"
2025-10-09 19:39:20,854 - INFO - Создан таск для игры Voices of the Void с частотой 9 дней.
2025-10-09 19:39:20,854 - DEBUG - Looking for jobs to run
2025-10-09 19:39:20,864 - DEBUG - Next wakeup is due at 2025-10-10 19:39:20.582809+05:00 (in 86399.718405 seconds)
2025-10-09 19:39:20,864 - WARNING - Таск для игры Voices of the Void уже был создан ранее. Ложный вызов.
2025-10-09 19:39:20,864 - INFO - Процесс Atomic Heart запущен.
2025-10-09 19:39:20,875 - INFO - Процесс Cult Of The Lamb запущен.
2025-10-09 19:39:20,885 - INFO - Процесс Elden Ring запущен.
2025-10-09 19:39:20,896 - INFO - Процесс Horizon Zero Dawn запущен.
2025-10-09 19:39:20,907 - INFO - Процесс Satisfactory запущен.
2025-10-09 19:39:20,918 - INFO - Процесс The Planet Crafter запущен.
2025-10-09 19:39:20,929 - INFO - Процесс Voices of the Void запущен.
2025-10-09 19:39:23,452 - INFO - Начато наблюдение за программой: start_protected_game.exe
2025-10-09 19:39:23,510 - INFO - Начато наблюдение за программой: Planet Crafter.exe
2025-10-09 19:39:23,567 - INFO - Начато наблюдение за программой: UnityCrashHandler64.exe
2025-10-09 19:39:23,622 - INFO - Начато наблюдение за программой: FactoryGameSteam.exe
2025-10-09 19:39:23,676 - INFO - Начато наблюдение за программой: HorizonZeroDawn.exe
2025-10-09 19:39:23,731 - INFO - Начато наблюдение за программой: Cult Of The Lamb.exe
2025-10-09 19:39:23,785 - INFO - Начато наблюдение за программой: UnityCrashHandler64.exe
2025-10-09 19:39:23,843 - INFO - Начато наблюдение за программой: VotV.exe
2025-10-09 19:39:49,302 - INFO - Scheduler started
2025-10-09 19:39:49,302 - DEBUG - Looking for jobs to run
2025-10-09 19:39:49,302 - DEBUG - No jobs; waiting until a job is added
2025-10-09 19:39:49,304 - INFO - Added job "time_task_to_resave" to job store "default"
2025-10-09 19:39:49,304 - INFO - Создан таск для игры Atomic Heart с частотой 1 день.
2025-10-09 19:39:49,304 - DEBUG - Looking for jobs to run
2025-10-09 19:39:49,305 - DEBUG - Next wakeup is due at 2025-10-10 19:39:49.304652+05:00 (in 86399.999638 seconds)
2025-10-09 19:39:49,305 - WARNING - Таск для игры Atomic Heart уже был создан ранее. Ложный вызов.
2025-10-09 19:39:49,305 - INFO - Added job "time_task_to_resave" to job store "default"
2025-10-09 19:39:49,305 - INFO - Создан таск для игры Cult Of The Lamb с частотой 3 месяца.
2025-10-09 19:39:49,305 - DEBUG - Looking for jobs to run
2025-10-09 19:39:49,305 - DEBUG - Next wakeup is due at 2025-10-10 19:39:49.304652+05:00 (in 86399.999123 seconds)
2025-10-09 19:39:49,305 - WARNING - Таск для игры Cult Of The Lamb уже был создан ранее. Ложный вызов.
2025-10-09 19:39:49,305 - INFO - Added job "time_task_to_resave" to job store "default"
2025-10-09 19:39:49,305 - INFO - Создан таск для игры Elden Ring с частотой 3 дней.
2025-10-09 19:39:49,305 - DEBUG - Looking for jobs to run
2025-10-09 19:39:49,305 - DEBUG - Next wakeup is due at 2025-10-10 19:39:49.304652+05:00 (in 86399.998701 seconds)
2025-10-09 19:39:49,306 - WARNING - Таск для игры Elden Ring уже был создан ранее. Ложный вызов.
2025-10-09 19:39:49,306 - INFO - Added job "time_task_to_resave" to job store "default"
2025-10-09 19:39:49,306 - INFO - Создан таск для игры Horizon Zero Dawn с частотой 6 месяцев.
2025-10-09 19:39:49,306 - DEBUG - Looking for jobs to run
2025-10-09 19:39:49,306 - DEBUG - Next wakeup is due at 2025-10-10 19:39:49.304652+05:00 (in 86399.998322 seconds)
2025-10-09 19:39:49,306 - WARNING - Таск для игры Horizon Zero Dawn уже был создан ранее. Ложный вызов.
2025-10-09 19:39:49,306 - INFO - Added job "time_task_to_resave" to job store "default"
2025-10-09 19:39:49,306 - INFO - Создан таск для игры Satisfactory с частотой 6 месяцев.
2025-10-09 19:39:49,306 - DEBUG - Looking for jobs to run
2025-10-09 19:39:49,306 - DEBUG - Next wakeup is due at 2025-10-10 19:39:49.304652+05:00 (in 86399.997894 seconds)
2025-10-09 19:39:49,306 - WARNING - Таск для игры Satisfactory уже был создан ранее. Ложный вызов.
2025-10-09 19:39:49,307 - INFO - Added job "time_task_to_resave" to job store "default"
2025-10-09 19:39:49,307 - INFO - Создан таск для игры The Planet Crafter с частотой 4 недели.
2025-10-09 19:39:49,307 - DEBUG - Looking for jobs to run
2025-10-09 19:39:49,307 - DEBUG - Next wakeup is due at 2025-10-10 19:39:49.304652+05:00 (in 86399.997406 seconds)
2025-10-09 19:39:49,307 - WARNING - Таск для игры The Planet Crafter уже был создан ранее. Ложный вызов.
2025-10-09 19:39:49,307 - INFO - Added job "time_task_to_resave" to job store "default"
2025-10-09 19:39:49,307 - INFO - Создан таск для игры Voices of the Void с частотой 9 дней.
2025-10-09 19:39:49,307 - DEBUG - Looking for jobs to run
2025-10-09 19:39:49,307 - DEBUG - Next wakeup is due at 2025-10-10 19:39:49.304652+05:00 (in 86399.997043 seconds)
2025-10-09 19:39:49,307 - WARNING - Таск для игры Voices of the Void уже был создан ранее. Ложный вызов.
2025-10-09 19:39:49,309 - INFO - Процесс Atomic Heart запущен.
2025-10-09 19:39:49,309 - INFO - Процесс Cult Of The Lamb запущен.
2025-10-09 19:39:49,309 - INFO - Процесс Elden Ring запущен.
2025-10-09 19:39:49,309 - INFO - Процесс Horizon Zero Dawn запущен.
2025-10-09 19:39:49,309 - INFO - Процесс Satisfactory запущен.
2025-10-09 19:39:49,309 - INFO - Процесс The Planet Crafter запущен.
2025-10-09 19:39:49,310 - INFO - Процесс Voices of the Void запущен.
2025-10-09 19:39:49,311 - ERROR - Для игры Atomic Heart не указана директория с самой игрой!
2025-10-09 19:39:49,373 - DEBUG - Using proactor: IocpProactor
2025-10-09 19:39:49,373 - INFO - Scheduler started
2025-10-09 19:39:49,373 - DEBUG - Looking for jobs to run
2025-10-09 19:39:49,373 - DEBUG - No jobs; waiting until a job is added
2025-10-09 19:39:49,374 - INFO - Added job "time_task_to_resave" to job store "default"
2025-10-09 19:39:49,374 - INFO - Создан таск для игры Atomic Heart с частотой 1 день.
2025-10-09 19:39:49,374 - DEBUG - Looking for jobs to run
2025-10-09 19:39:49,374 - WARNING - Таск для игры Atomic Heart уже был создан ранее. Ложный вызов.
2025-10-09 19:39:49,374 - DEBUG - Next wakeup is due at 2025-10-10 19:39:49.304652+05:00 (in 86399.930155 seconds)
2025-10-09 19:39:49,374 - INFO - Начато наблюдение за программой: eldenring.exe
2025-10-09 19:39:49,374 - INFO - Added job "time_task_to_resave" to job store "default"
2025-10-09 19:39:49,415 - INFO - Создан таск для игры Cult Of The Lamb с частотой 3 месяца.
2025-10-09 19:39:49,425 - DEBUG - Looking for jobs to run
2025-10-09 19:39:49,425 - DEBUG - Next wakeup is due at 2025-10-10 19:39:49.304652+05:00 (in 86399.878704 seconds)
2025-10-09 19:39:49,435 - WARNING - Таск для игры Cult Of The Lamb уже был создан ранее. Ложный вызов.
2025-10-09 19:39:49,446 - INFO - Added job "time_task_to_resave" to job store "default"
2025-10-09 19:39:49,446 - INFO - Создан таск для игры Elden Ring с частотой 3 дней.
2025-10-09 19:39:49,446 - DEBUG - Looking for jobs to run
2025-10-09 19:39:49,456 - DEBUG - Next wakeup is due at 2025-10-10 19:39:49.304652+05:00 (in 86399.847701 seconds)
2025-10-09 19:39:49,457 - WARNING - Таск для игры Elden Ring уже был создан ранее. Ложный вызов.
2025-10-09 19:39:49,457 - INFO - Added job "time_task_to_resave" to job store "default"
2025-10-09 19:39:49,457 - INFO - Создан таск для игры Horizon Zero Dawn с частотой 6 месяцев.
2025-10-09 19:39:49,457 - DEBUG - Looking for jobs to run
2025-10-09 19:39:49,467 - DEBUG - Next wakeup is due at 2025-10-10 19:39:49.304652+05:00 (in 86399.837404 seconds)
2025-10-09 19:39:49,477 - WARNING - Таск для игры Horizon Zero Dawn уже был создан ранее. Ложный вызов.
2025-10-09 19:39:49,477 - INFO - Added job "time_task_to_resave" to job store "default"
2025-10-09 19:39:49,488 - INFO - Создан таск для игры Satisfactory с частотой 6 месяцев.
2025-10-09 19:39:49,488 - DEBUG - Looking for jobs to run
2025-10-09 19:39:49,488 - DEBUG - Next wakeup is due at 2025-10-10 19:39:49.304652+05:00 (in 86399.816014 seconds)
2025-10-09 19:39:49,488 - WARNING - Таск для игры Satisfactory уже был создан ранее. Ложный вызов.
2025-10-09 19:39:49,499 - INFO - Added job "time_task_to_resave" to job store "default"
2025-10-09 19:39:49,499 - INFO - Создан таск для игры The Planet Crafter с частотой 4 недели.
2025-10-09 19:39:49,499 - DEBUG - Looking for jobs to run
2025-10-09 19:39:49,509 - DEBUG - Next wakeup is due at 2025-10-10 19:39:49.304652+05:00 (in 86399.794887 seconds)
2025-10-09 19:39:49,509 - WARNING - Таск для игры The Planet Crafter уже был создан ранее. Ложный вызов.
2025-10-09 19:39:49,529 - INFO - Added job "time_task_to_resave" to job store "default"
2025-10-09 19:39:49,530 - INFO - Создан таск для игры Voices of the Void с частотой 9 дней.
2025-10-09 19:39:49,530 - DEBUG - Looking for jobs to run
2025-10-09 19:39:49,541 - DEBUG - Next wakeup is due at 2025-10-10 19:39:49.304652+05:00 (in 86399.763675 seconds)
2025-10-09 19:39:49,541 - WARNING - Таск для игры Voices of the Void уже был создан ранее. Ложный вызов.
2025-10-09 19:39:49,551 - INFO - Процесс Atomic Heart запущен.
2025-10-09 19:39:49,561 - INFO - Процесс Cult Of The Lamb запущен.
2025-10-09 19:39:49,571 - INFO - Процесс Elden Ring запущен.
2025-10-09 19:39:49,572 - INFO - Процесс Horizon Zero Dawn запущен.
2025-10-09 19:39:49,582 - INFO - Процесс Satisfactory запущен.
2025-10-09 19:39:49,593 - INFO - Процесс The Planet Crafter запущен.
2025-10-09 19:39:49,603 - INFO - Процесс Voices of the Void запущен.
2025-10-09 19:39:52,056 - INFO - Начато наблюдение за программой: start_protected_game.exe
2025-10-09 19:39:52,113 - INFO - Начато наблюдение за программой: Planet Crafter.exe
2025-10-09 19:39:52,168 - INFO - Начато наблюдение за программой: UnityCrashHandler64.exe
2025-10-09 19:39:52,224 - INFO - Начато наблюдение за программой: FactoryGameSteam.exe
2025-10-09 19:39:52,281 - INFO - Начато наблюдение за программой: HorizonZeroDawn.exe
2025-10-09 19:39:52,340 - INFO - Начато наблюдение за программой: Cult Of The Lamb.exe
2025-10-09 19:39:52,398 - INFO - Начато наблюдение за программой: UnityCrashHandler64.exe
2025-10-09 19:39:52,450 - INFO - Начато наблюдение за программой: VotV.exe
2025-10-09 19:40:31,338 - INFO - Scheduler started
2025-10-09 19:40:31,339 - DEBUG - Looking for jobs to run
2025-10-09 19:40:31,339 - DEBUG - No jobs; waiting until a job is added
2025-10-09 19:40:31,341 - INFO - Added job "time_task_to_resave" to job store "default"
2025-10-09 19:40:31,341 - INFO - Создан таск для игры Atomic Heart с частотой 1 день.
2025-10-09 19:40:31,341 - DEBUG - Looking for jobs to run
2025-10-09 19:40:31,341 - DEBUG - Next wakeup is due at 2025-10-10 19:40:31.341498+05:00 (in 86399.999554 seconds)
2025-10-09 19:40:31,342 - WARNING - Таск для игры Atomic Heart уже был создан ранее. Ложный вызов.
2025-10-09 19:40:31,342 - INFO - Added job "time_task_to_resave" to job store "default"
2025-10-09 19:40:31,342 - INFO - Создан таск для игры Cult Of The Lamb с частотой 3 месяца.
2025-10-09 19:40:31,342 - DEBUG - Looking for jobs to run
2025-10-09 19:40:31,342 - DEBUG - Next wakeup is due at 2025-10-10 19:40:31.341498+05:00 (in 86399.999040 seconds)
2025-10-09 19:40:31,342 - WARNING - Таск для игры Cult Of The Lamb уже был создан ранее. Ложный вызов.
2025-10-09 19:40:31,342 - INFO - Added job "time_task_to_resave" to job store "default"
2025-10-09 19:40:31,342 - INFO - Создан таск для игры Elden Ring с частотой 3 дней.
2025-10-09 19:40:31,342 - DEBUG - Looking for jobs to run
2025-10-09 19:40:31,342 - DEBUG - Next wakeup is due at 2025-10-10 19:40:31.341498+05:00 (in 86399.998578 seconds)
2025-10-09 19:40:31,342 - WARNING - Таск для игры Elden Ring уже был создан ранее. Ложный вызов.
2025-10-09 19:40:31,343 - INFO - Added job "time_task_to_resave" to job store "default"
2025-10-09 19:40:31,343 - INFO - Создан таск для игры Horizon Zero Dawn с частотой 6 месяцев.
2025-10-09 19:40:31,343 - DEBUG - Looking for jobs to run
2025-10-09 19:40:31,343 - DEBUG - Next wakeup is due at 2025-10-10 19:40:31.341498+05:00 (in 86399.998108 seconds)
2025-10-09 19:40:31,343 - WARNING - Таск для игры Horizon Zero Dawn уже был создан ранее. Ложный вызов.
2025-10-09 19:40:31,343 - INFO - Added job "time_task_to_resave" to job store "default"
2025-10-09 19:40:31,343 - INFO - Создан таск для игры Satisfactory с частотой 6 месяцев.
2025-10-09 19:40:31,343 - DEBUG - Looking for jobs to run
2025-10-09 19:40:31,343 - DEBUG - Next wakeup is due at 2025-10-10 19:40:31.341498+05:00 (in 86399.997592 seconds)
2025-10-09 19:40:31,343 - WARNING - Таск для игры Satisfactory уже был создан ранее. Ложный вызов.
2025-10-09 19:40:31,344 - INFO - Added job "time_task_to_resave" to job store "default"
2025-10-09 19:40:31,344 - INFO - Создан таск для игры The Planet Crafter с частотой 4 недели.
2025-10-09 19:40:31,344 - DEBUG - Looking for jobs to run
2025-10-09 19:40:31,344 - DEBUG - Next wakeup is due at 2025-10-10 19:40:31.341498+05:00 (in 86399.997152 seconds)
2025-10-09 19:40:31,344 - WARNING - Таск для игры The Planet Crafter уже был создан ранее. Ложный вызов.
2025-10-09 19:40:31,344 - INFO - Added job "time_task_to_resave" to job store "default"
2025-10-09 19:40:31,344 - INFO - Создан таск для игры Voices of the Void с частотой 9 дней.
2025-10-09 19:40:31,344 - DEBUG - Looking for jobs to run
2025-10-09 19:40:31,344 - DEBUG - Next wakeup is due at 2025-10-10 19:40:31.341498+05:00 (in 86399.996729 seconds)
2025-10-09 19:40:31,344 - WARNING - Таск для игры Voices of the Void уже был создан ранее. Ложный вызов.
2025-10-09 19:40:31,346 - INFO - Процесс Atomic Heart запущен.
2025-10-09 19:40:31,346 - INFO - Процесс Cult Of The Lamb запущен.
2025-10-09 19:40:31,347 - INFO - Процесс Elden Ring запущен.
2025-10-09 19:40:31,347 - INFO - Процесс Horizon Zero Dawn запущен.
2025-10-09 19:40:31,347 - INFO - Процесс Satisfactory запущен.
2025-10-09 19:40:31,347 - INFO - Процесс The Planet Crafter запущен.
2025-10-09 19:40:31,347 - INFO - Процесс Voices of the Void запущен.
2025-10-09 19:40:31,348 - ERROR - Для игры Atomic Heart не указана директория с самой игрой!
2025-10-09 19:40:31,425 - DEBUG - Using proactor: IocpProactor
2025-10-09 19:40:31,425 - INFO - Scheduler started
2025-10-09 19:40:31,426 - DEBUG - Looking for jobs to run
2025-10-09 19:40:31,426 - DEBUG - No jobs; waiting until a job is added
2025-10-09 19:40:31,426 - INFO - Added job "time_task_to_resave" to job store "default"
2025-10-09 19:40:31,426 - INFO - Создан таск для игры Atomic Heart с частотой 1 день.
2025-10-09 19:40:31,426 - DEBUG - Looking for jobs to run
2025-10-09 19:40:31,426 - DEBUG - Next wakeup is due at 2025-10-10 19:40:31.341498+05:00 (in 86399.914652 seconds)
2025-10-09 19:40:31,427 - WARNING - Таск для игры Atomic Heart уже был создан ранее. Ложный вызов.
2025-10-09 19:40:31,427 - INFO - Added job "time_task_to_resave" to job store "default"
2025-10-09 19:40:31,427 - INFO - Начато наблюдение за программой: eldenring.exe
2025-10-09 19:40:31,427 - INFO - Создан таск для игры Cult Of The Lamb с частотой 3 месяца.
2025-10-09 19:40:31,427 - DEBUG - Looking for jobs to run
2025-10-09 19:40:31,503 - DEBUG - Next wakeup is due at 2025-10-10 19:40:31.341498+05:00 (in 86399.837537 seconds)
2025-10-09 19:40:31,504 - WARNING - Таск для игры Cult Of The Lamb уже был создан ранее. Ложный вызов.
2025-10-09 19:40:31,504 - INFO - Added job "time_task_to_resave" to job store "default"
2025-10-09 19:40:31,504 - INFO - Создан таск для игры Elden Ring с частотой 3 дней.
2025-10-09 19:40:31,504 - DEBUG - Looking for jobs to run
2025-10-09 19:40:31,580 - DEBUG - Next wakeup is due at 2025-10-10 19:40:31.341498+05:00 (in 86399.760740 seconds)
2025-10-09 19:40:31,591 - WARNING - Таск для игры Elden Ring уже был создан ранее. Ложный вызов.
2025-10-09 19:40:31,591 - INFO - Added job "time_task_to_resave" to job store "default"
2025-10-09 19:40:31,601 - INFO - Создан таск для игры Horizon Zero Dawn с частотой 6 месяцев.
2025-10-09 19:40:31,601 - DEBUG - Looking for jobs to run
2025-10-09 19:40:31,612 - DEBUG - Next wakeup is due at 2025-10-10 19:40:31.341498+05:00 (in 86399.729300 seconds)
2025-10-09 19:40:31,612 - WARNING - Таск для игры Horizon Zero Dawn уже был создан ранее. Ложный вызов.
2025-10-09 19:40:31,612 - INFO - Added job "time_task_to_resave" to job store "default"
2025-10-09 19:40:31,623 - INFO - Создан таск для игры Satisfactory с частотой 6 месяцев.
2025-10-09 19:40:31,623 - DEBUG - Looking for jobs to run
2025-10-09 19:40:31,623 - DEBUG - Next wakeup is due at 2025-10-10 19:40:31.341498+05:00 (in 86399.717549 seconds)
2025-10-09 19:40:31,633 - WARNING - Таск для игры Satisfactory уже был создан ранее. Ложный вызов.
2025-10-09 19:40:31,644 - INFO - Added job "time_task_to_resave" to job store "default"
2025-10-09 19:40:31,644 - INFO - Создан таск для игры The Planet Crafter с частотой 4 недели.
2025-10-09 19:40:31,644 - DEBUG - Looking for jobs to run
2025-10-09 19:40:31,655 - DEBUG - Next wakeup is due at 2025-10-10 19:40:31.341498+05:00 (in 86399.686303 seconds)
2025-10-09 19:40:31,655 - WARNING - Таск для игры The Planet Crafter уже был создан ранее. Ложный вызов.
2025-10-09 19:40:31,665 - INFO - Added job "time_task_to_resave" to job store "default"
2025-10-09 19:40:31,665 - INFO - Создан таск для игры Voices of the Void с частотой 9 дней.
2025-10-09 19:40:31,665 - DEBUG - Looking for jobs to run
2025-10-09 19:40:31,677 - DEBUG - Next wakeup is due at 2025-10-10 19:40:31.341498+05:00 (in 86399.664402 seconds)
2025-10-09 19:40:31,677 - WARNING - Таск для игры Voices of the Void уже был создан ранее. Ложный вызов.
2025-10-09 19:40:31,688 - INFO - Процесс Atomic Heart запущен.
2025-10-09 19:40:31,699 - INFO - Процесс Cult Of The Lamb запущен.
2025-10-09 19:40:31,710 - INFO - Процесс Elden Ring запущен.
2025-10-09 19:40:31,721 - INFO - Процесс Horizon Zero Dawn запущен.
2025-10-09 19:40:31,721 - INFO - Процесс Satisfactory запущен.
2025-10-09 19:40:31,731 - INFO - Процесс The Planet Crafter запущен.
2025-10-09 19:40:31,742 - INFO - Процесс Voices of the Void запущен.
2025-10-09 19:40:34,351 - INFO - Начато наблюдение за программой: start_protected_game.exe
2025-10-09 19:40:34,410 - INFO - Начато наблюдение за программой: Planet Crafter.exe
2025-10-09 19:40:34,475 - INFO - Начато наблюдение за программой: UnityCrashHandler64.exe
2025-10-09 19:40:34,532 - INFO - Начато наблюдение за программой: FactoryGameSteam.exe
2025-10-09 19:40:34,587 - INFO - Начато наблюдение за программой: HorizonZeroDawn.exe
2025-10-09 19:40:34,646 - INFO - Начато наблюдение за программой: Cult Of The Lamb.exe
2025-10-09 19:40:34,722 - INFO - Начато наблюдение за программой: UnityCrashHandler64.exe
2025-10-09 19:40:34,781 - INFO - Начато наблюдение за программой: VotV.exe
